EntityID,LEA Name,County,Total: Total,"Local, Intermediate, State: Total",Total: M&O - Operations,"Local, Intermediate, State: M&O - Operations",Total: M&O - Other,"Local, Intermediate, State: M&O - Other",Total: M&O and CSF & IIF - Operations,"Local, Intermediate, State: M&O and CSF & IIF - Operations",Total: M&O and CSF & IIF - Other,"Local, Intermediate, State: M&O and CSF & IIF - Other",Total Property Revenue,Total Students,Percent Asian,Percent Black,Percent Hispanic,Percent White,Percent SPED,Percent ELL,Percent Poverty,Percent Non-White,ELL Grouping,Non-White Grouping,Poverty Grouping,Black Grouping,Hispanic Grouping,SPED Grouping,Per-Pupil Revenue: Total,Per-Pupil Revenue: Maintenance & Operations,Per-Pupil Property Revenue,Property Revenue Quartile,Property Tax Rate
4153,St Johns Unified District,Apache,9741213.86,8806334.47,6799068,6799068,2942145.86,2007266.47,7333397,7333397,2407816.86,1472937.47,28340664,863,0,0,0.25,0.646428571,0.157589803,0,0.333333333,0.353571429,Quartiles 1 & 2,Quartile 1,Quartile 4,"Quartiles 1, 2, & 3",Quartile 2,Quartile 3,10204.32731,8497.563152,32839.70336,Quartile 1,4.4972
4154,Window Rock Unified District,Apache,35197280,13616903,10971731,10971731,24225549,2645172,12034248,12034248,23163032,1582655,15733773,1859,0,0,0,0,0.124798279,0.062937063,0.443667763,1,Quartile 3,Quartile 4,Quartile 4,"Quartiles 1, 2, & 3",Quartile 1,Quartile 2,7324.853685,6473.506186,8463.568047,Quartile 1,2.8203
4155,Round Valley Unified District,Apache,13208642,11472283,9345608,9345608,3863034,2126675,10095846,10095846,3112796,1376437,323468780,1315,0,0,0.246743295,0.695785441,0.142965779,0.047908745,0.259285714,0.304214559,Quartile 3,Quartile 1,Quartile 3,"Quartiles 1, 2, & 3",Quartile 2,Quartile 3,8724.169582,7677.44943,245983.8631,Quartile 4,2.6248
4156,Sanders Unified District,Apache,13621634.21,5577036.34,4349970,4349970,9271664.21,1227066.34,4801056,4801056,8820578.21,775980.34,17997621,717,0,0,0.025641026,0,0.136680614,0.111576011,0.457165109,1,Quartile 4,Quartile 4,Quartile 4,"Quartiles 1, 2, & 3",Quartile 1,Quartile 2,7778.293361,6696.033473,25101.28452,Quartile 1,0
4157,Ganado Unified School District,Apache,26298484.35,10279496.12,8563567,8563567,17734917.35,1715929.12,9408654,9408654,16889830.35,870842.12,20936609,1423,0,0,0.012765957,0,0.085031623,0.072382291,0.505890052,1,Quartile 3,Quartile 4,Quartile 4,"Quartiles 1, 2, & 3",Quartile 1,Quartile 1,7223.820183,6611.843992,14713.00703,Quartile 1,2.0904
4158,Chinle Unified District,Apache,71622741.17,26407296.91,21816650.6,21816650.6,49806090.57,4590646.31,23869130.16,23869130.16,47753611.01,2538166.75,2714982,3483,0,0,0,0,0.125466552,0.066035027,0.514986968,1,Quartile 3,Quartile 4,Quartile 4,"Quartiles 1, 2, & 3",Quartile 1,Quartile 2,7581.767703,6853.037657,779.4952627,Quartile 1,4.0919
4159,Red Mesa Unified District,Apache,11000248.29,4739655.28,3920148,3920148,7080100.29,819507.28,4265121,4265121,6735127.29,474534.28,1509280,475,0,0,0,0,0.147368421,0,0.427254098,1,Quartiles 1 & 2,Quartile 4,Quartile 4,"Quartiles 1, 2, & 3",Quartile 1,Quartile 3,9978.221642,8979.202105,3177.431579,Quartile 1,0
4160,Concho Elementary District,Apache,4062419,3636255,2701557,2701557,1360862,934698,2796948,2796948,1265471,839307,17773135,167,0,0,0.350649351,0.649350649,0.245508982,0,0.282608696,0.350649351,Quartiles 1 & 2,Quartile 1,Quartile 3,"Quartiles 1, 2, & 3",Quartile 2,Quartile 4,21773.98204,16748.19162,106425.9581,Quartile 3,7.0905
4161,Alpine Elementary District,Apache,1543585,1298828,1047591,1047591,495994,251237,1087466,1087466,456119,211362,15978118,54,0,0,0,1,0.222222222,0,0.377777778,0,Quartiles 1 & 2,Quartile 1,Quartile 4,"Quartiles 1, 2, & 3",Quartile 1,Quartile 4,24052.37037,20138.25926,295891.0741,Quartile 4,3.1628
4162,Vernon Elementary District,Apache,2318125.48,1990445.99,1714132,1714132,603993.48,276313.99,1777396,1777396,540729.48,213049.99,16257530,107,0,0,0.112244898,0.887755102,0.196261682,0,0.260536398,0.112244898,Quartiles 1 & 2,Quartile 1,Quartile 3,"Quartiles 1, 2, & 3",Quartile 1,Quartile 4,18602.29897,16611.17757,151939.5327,Quartile 3,6.3328
4163,Mcnary Elementary District,Apache,3274611.7,1239473.7,1064478,1064478,2210133.7,174995.7,1149470,1149470,2125141.7,90003.7,877178,124,0,0,0,0,0.169354839,0,0.417218543,1,Quartiles 1 & 2,Quartile 4,Quartile 4,"Quartiles 1, 2, & 3",Quartile 1,Quartile 4,9995.755645,9269.919355,7074.016129,Quartile 1,0
4167,Fort Huachuca Accommodation District,Cochise,14934868.84,5846010.23,5220340,5220340,9714528.84,625670.23,5661777,5661777,9273091.84,184233.23,0,901,0.026755853,0.127090301,0.227424749,0.539576366,0.149833518,0.036625971,0.114583333,0.460423634,Quartile 3,Quartile 2,Quartile 1,Quartile 4,Quartile 2,Quartile 3,6488.357636,6283.881243,0,Quartile 1,0
4168,Tombstone Unified District,Cochise,9421982.92,8106985.01,6359067,6359067,3062915.92,1747918.01,6881819,6881819,2540163.92,1225166.01,50334418,840,0,0.038882139,0.29890644,0.577156744,0.180952381,0,0.227934045,0.422843256,Quartiles 1 & 2,Quartile 2,Quartile 3,Quartile 4,Quartile 2,Quartile 4,9651.172631,8192.641667,59921.92619,Quartile 2,4.8015
4169,Bisbee Unified District,Cochise,10176601,9273969,6146340,6146340,4030261,3127629,6619710,6619710,3556891,2654259,53283836,697,0,0,0.694202899,0.286956522,0.120516499,0.083213773,0.236739974,0.713043478,Quartile 4,Quartile 3,Quartile 3,"Quartiles 1, 2, & 3",Quartile 4,Quartile 2,13305.55093,9497.431851,76447.39742,Quartile 2,6.4225
4170,Willcox Unified District,Cochise,12615183.51,11446141.62,7648078,7648078,4967105.51,3798063.62,8290946,8290946,4324237.51,3155195.62,65470468,1111,0,0.017288444,0.67788899,0.304822566,0.122412241,0.106210621,0.224420191,0.695177434,Quartile 4,Quartile 3,Quartile 3,"Quartiles 1, 2, & 3",Quartile 4,Quartile 2,10302.55771,7462.59766,58929.31413,Quartile 2,6.4921
4171,Bowie Unified District,Cochise,1595181.54,1497149.02,1358816.73,1358816.73,236364.81,138332.29,1399657.04,1399657.04,195524.5,97491.98,12264455,49,0,0,0.693877551,0.306122449,0.224489796,0,0.2375,0.693877551,Quartiles 1 & 2,Quartile 3,Quartile 3,"Quartiles 1, 2, & 3",Quartile 4,Quartile 4,30554.06163,28564.42939,250295,Quartile 4,10.8023
4172,San Simon Unified District,Cochise,2205460.2,2054504.84,1792303.43,1792303.43,413156.77,262201.41,1871681.06,1871681.06,333779.14,182823.78,15208999,126,0,0,0.544,0.456,0,0.134920635,0.1125,0.544,Quartile 4,Quartile 2,Quartile 1,"Quartiles 1, 2, & 3",Quartile 3,Quartile 1,16305.59397,14854.61159,120706.3413,Quartile 3,8.9393
4173,St David Unified District,Cochise,4139451,3801448,2709261,2709261,1430190,1092187,2942952,2942952,1196499,858496,28828476,366,0,0,0.116477273,0.883522727,0.218579235,0,0.180392157,0.116477273,Quartiles 1 & 2,Quartile 1,Quartile 2,"Quartiles 1, 2, & 3",Quartile 1,Quartile 4,10386.46995,8040.852459,78766.32787,Quartile 3,5.6965
4174,Douglas Unified District,Cochise,35791482,29208297,23435792,23435792,12355690,5772505,25739239,25739239,10052243,3469058,70873046,4230,0,0.002609727,0.983867141,0.013523132,0.068794326,0.195508274,0.340245052,0.986476868,Quartile 4,Quartile 4,Quartile 4,"Quartiles 1, 2, & 3",Quartile 4,Quartile 1,6905.034752,6084.926478,16754.85721,Quartile 1,9.5806
4175,Sierra Vista Unified District,Cochise,45798642,42740248,33902167,33902167,11896475,8838081,37121189,37121189,8677453,5619059,393857624,5589,0.022007515,0.061012704,0.386115584,0.436035069,0.133655395,0.018786903,0.191234498,0.563964931,Quartiles 1 & 2,Quartile 2,Quartile 2,Quartile 4,Quartile 3,Quartile 2,7647.208445,6641.830202,70470.14206,Quartile 2,2.1818
4176,Naco Elementary District,Cochise,3484252,3237714,2836343,2836343,647909,401371,3010225,3010225,474027,227489,4438766,306,0,0,1,0,0.091503268,0.477124183,0.277472527,1,Quartile 4,Quartile 4,Quartile 3,"Quartiles 1, 2, & 3",Quartile 4,Quartile 1,10580.76471,9837.336601,14505.77124,Quartile 1,5.0338
4177,Cochise Elementary District,Cochise,1831355.56,1761883.2,1648231,1648231,183124.56,113652.2,1696952,1696952,134403.56,64931.2,32812922,85,0,0,0.361445783,0.638554217,0.164705882,0,0.193548387,0.361445783,Quartiles 1 & 2,Quartile 1,Quartile 2,"Quartiles 1, 2, & 3",Quartile 2,Quartile 3,20728.03765,19964.14118,386034.3765,Quartile 4,5.0607
4178,Apache Elementary District,Cochise,209563,162290,152120,152120,57443,10170,157261,157261,52302,5029,2058223,0,NA,NA,NA,NA,NA,NA,0.409090909,NA,NA,NA,Quartile 4,NA,NA,NA,NA,NA,NA,NA,5.1388
4179,Double Adobe Elementary District,Cochise,1131472,1091974,595126,595126,536346,496848,623189,623189,508283,468785,2696162,37,0,0,0,1,0,0,0.296296296,0,Quartiles 1 & 2,Quartile 1,Quartile 3,"Quartiles 1, 2, & 3",Quartile 1,Quartile 1,29512.81081,16842.94595,72869.24324,Quartile 2,8.5783
4180,Palominas Elementary District,Cochise,11889061,10732808,9183026,9183026,2706035,1549782,9650824,9650824,2238237,1081984,72383994,918,0,0.026431718,0.328193833,0.585903084,0.190631808,0.033769063,0.139232673,0.414096916,Quartile 3,Quartile 2,Quartile 2,"Quartiles 1, 2, & 3",Quartile 2,Quartile 4,11691.51198,10512.88017,78849.66667,Quartile 3,5.8534
4181,McNeal Elementary District,Cochise,1064370.6,961178.11,879367.89,879367.89,185002.71,81810.22,913067.45,913067.45,151303.15,48110.66,3568598,48,0,0,0,1,0.333333333,0,0.184466019,0,Quartiles 1 & 2,Quartile 1,Quartile 2,"Quartiles 1, 2, & 3",Quartile 1,Quartile 4,20024.54396,19022.23854,74345.79167,Quartile 2,8.063
4185,Elfrida Elementary District,Cochise,1237679,1140052,933208,933208,304471,206844,1007946,1007946,229733,132106,8402803,107,0,0,0.470588235,0.529411765,0.158878505,0,0.11965812,0.470588235,Quartiles 1 & 2,Quartile 2,Quartile 1,"Quartiles 1, 2, & 3",Quartile 3,Quartile 3,10654.69159,9420.056075,78530.86916,Quartile 3,4.579
4186,Pearce Elementary District,Cochise,1336959.1,1239631.05,1017086,1017086,319873.1,222545.05,1067508,1067508,269451.1,172123.05,20461280,106,0,0,0.461538462,0.538461538,0.198113208,0,0.159292035,0.461538462,Quartiles 1 & 2,Quartile 2,Quartile 2,"Quartiles 1, 2, & 3",Quartile 3,Quartile 4,11694.63255,10070.83019,193030.9434,Quartile 3,4.1597
4187,Ash Creek Elementary District,Cochise,702848.37,633832.31,441868,441868,260980.37,191964.31,454618,454618,248230.37,179214.31,7407947,16,0,0,0,1,0,0,0.145833333,0,Quartiles 1 & 2,Quartile 1,Quartile 2,"Quartiles 1, 2, & 3",Quartile 1,Quartile 1,39614.51938,28413.625,462996.6875,Quartile 4,5.1239
4188,Pomerene Elementary District,Cochise,1388011.78,1245660.58,1092178.01,1092178.01,295833.77,153482.57,1152254.49,1152254.49,235757.29,93406.09,6580878,107,0,0,0.123809524,0.876190476,0,0,0.232704403,0.123809524,Quartiles 1 & 2,Quartile 1,Quartile 3,"Quartiles 1, 2, & 3",Quartile 1,Quartile 1,11641.68766,10768.73355,61503.53271,Quartile 2,6.5088
4190,Valley Union High School District,Cochise,2203631.73,2111444.06,1682634,1682634,520997.73,428810.06,1774289,1774289,429342.73,337155.06,36272030,127,0,0,0,1,0.125984252,0,0.076023392,0,Quartiles 1 & 2,Quartile 1,Quartile 1,"Quartiles 1, 2, & 3",Quartile 1,Quartile 2,16625.54378,13970.77953,285606.5354,Quartile 4,5.5913
4192,Flagstaff Unified District,Coconino,98523418.18,87431017.92,68535286,68535286,29988132.18,18895731.92,73940563,73940563,24582855.18,13490454.92,1216314746,9640,0.008506224,0.008091286,0.275103734,0.418153527,0.150829876,0.041908714,0.11660109,0.581846473,Quartile 3,Quartile 2,Quartile 1,"Quartiles 1, 2, & 3",Quartile 2,Quartile 3,9069.607668,7670.182884,126173.7288,Quartile 3,5.1475
4193,Williams Unified District,Coconino,6996976.53,5977887.53,4453042,4453042,2543934.53,1524845.53,4886454,4886454,2110522.53,1091433.53,106803849,672,0,0.016666667,0.431818182,0.5,0.144345238,0.052083333,0.337066069,0.5,Quartile 3,Quartile 2,Quartile 4,"Quartiles 1, 2, & 3",Quartile 3,Quartile 3,8895.665967,7271.508929,158934.2991,Quartile 3,4.3613
4194,Grand Canyon Unified District,Coconino,5721781,4658223,3894355,3894355,1827426,763868,4091802,4091802,1629979,566421,15934456,282,0,0,0.4082397,0.329588015,0.219858156,0.060283688,0.118811881,0.670411985,Quartile 3,Quartile 3,Quartile 1,"Quartiles 1, 2, & 3",Quartile 3,Quartile 4,16518.52128,14509.93617,56505.16312,Quartile 2,13.2834
4195,Fredonia-Moccasin Unified District,Coconino,2793320.52,2277685,1837394,1837394,955926.52,440291,1972822,1972822,820498.52,304863,22591349,210,0,0,0,0.772972973,0.152380952,0,0.152173913,0.227027027,Quartiles 1 & 2,Quartile 1,Quartile 2,"Quartiles 1, 2, & 3",Quartile 1,Quartile 3,10846.11905,9394.390476,107577.8524,Quartile 3,5.7544
4196,Page Unified District,Coconino,29726019.07,19291017.11,16054798,16054798,13671221.07,3236219.11,17522902,17522902,12203117.07,1768115.11,126389568,2717,0,0.004074074,0.047407407,0.16037037,0.161207214,0.036437247,0.213467546,0.83962963,Quartile 3,Quartile 3,Quartile 2,"Quartiles 1, 2, & 3",Quartile 1,Quartile 3,7100.116713,6449.356643,46518.05962,Quartile 2,4.1805
4197,Tuba City Unified School District #15,Coconino,31448385.43,13043399.93,9618944,9618944,21829441.43,3424455.93,10582367,10582367,20866018.43,2461032.93,12670988,1626,0,0,0.007384615,0.007384615,0.151291513,0.043665437,0.318773738,0.992615385,Quartile 3,Quartile 4,Quartile 4,"Quartiles 1, 2, & 3",Quartile 1,Quartile 3,8021.771175,6508.220787,7792.735547,Quartile 1,4.2316
4198,NA,Coconino,577303.92,556251.26,417283.44,417283.44,160020.48,138967.82,417283.44,417283.44,160020.48,138967.82,50952908,NA,NA,NA,NA,NA,NA,NA,NA,NA,NA,NA,NA,NA,NA,NA,NA,NA,NA,NA,1.057
4199,Maine Consolidated School District,Coconino,2530591.91,2335160.27,1894400,1894400,636191.91,440760.27,2043555,2043555,487036.91,291605.27,30911837,121,0,0,0.10619469,0.89380531,0.173553719,0,0.083333333,0.10619469,Quartiles 1 & 2,Quartile 1,Quartile 1,"Quartiles 1, 2, & 3",Quartile 1,Quartile 4,19298.84521,16888.8843,255469.7273,Quartile 4,5.2103
4208,Globe Unified District,Gila,14710987,11908677,9797407,9797407,4913580,2111270,10734207,10734207,3976780,1174470,49440674,1704,0.012948793,0,0.344320188,0.36433196,0.119131455,0.014671362,0.257003654,0.63566804,Quartiles 1 & 2,Quartile 3,Quartile 3,"Quartiles 1, 2, & 3",Quartile 2,Quartile 2,6988.660211,6299.417254,29014.48005,Quartile 1,5.0031
4209,Payson Unified District,Gila,24470090.9,22061555.96,15053294,15053294,9416796.9,7008261.96,16360658,16360658,8109432.9,5700897.96,257917030,2361,0.00678829,0.005939754,0.2210437,0.701739499,0.160101652,0.021601017,0.244988864,0.298260501,Quartiles 1 & 2,Quartile 1,Quartile 3,"Quartiles 1, 2, & 3",Quartile 2,Quartile 3,9344.157543,6929.545955,109240.5887,Quartile 3,5.4989
4210,San Carlos Unified District,Gila,26328736.47,10114363.52,8222809,8222809,18105927.47,1891554.52,9113040,9113040,17215696.47,1001323.52,2507891,1502,0,0,0,0,0.15379494,0.017976032,0.38358873,1,Quartiles 1 & 2,Quartile 4,Quartile 4,"Quartiles 1, 2, & 3",Quartile 1,Quartile 3,6733.930439,6067.270306,1669.701065,Quartile 1,0
4211,Miami Unified District,Gila,9670740.87,8298640.37,6633288,6633288,3037452.87,1665352.37,7247820,7247820,2422920.87,1050820.37,75275816,1034,0,0,0.505408063,0.447394297,0.106382979,0.02417795,0.411283729,0.552605703,Quartiles 1 & 2,Quartile 2,Quartile 4,"Quartiles 1, 2, & 3",Quartile 3,Quartile 1,8025.764381,7009.497099,72800.59574,Quartile 2,4.9777
4212,Hayden-Winkelman Unified District,Gila,4165166.44,3675945.14,2401318,2401318,1763848.44,1274627.14,2565742,2565742,1599424.44,1110203.14,14398523,294,0,0,0.907849829,0.092150171,0.146258503,0,0.311557789,0.907849829,Quartiles 1 & 2,Quartile 4,Quartile 4,"Quartiles 1, 2, & 3",Quartile 4,Quartile 3,12503.21476,8727.013605,48974.56803,Quartile 2,11.8875
4213,Young Elementary District,Gila,1420665.99,1255829.5,1174331,1174331,246334.99,81498.5,1202356,1202356,218309.99,53473.5,17282989,49,0,0,0,1,0,0,0.287234043,0,Quartiles 1 & 2,Quartile 1,Quartile 3,"Quartiles 1, 2, & 3",Quartile 1,Quartile 1,25629.17347,24537.87755,352714.0612,Quartile 4,6.5216
4214,Pine Strawberry Elementary District,Gila,3671862,3625883,2709472,2709472,962390,916411,2790485,2790485,881377,835398,63605642,131,0,0,0.129032258,0.870967742,0.259541985,0,0.204545455,0.129032258,Quartiles 1 & 2,Quartile 1,Quartile 2,"Quartiles 1, 2, & 3",Quartile 1,Quartile 4,27678.49618,21301.41221,485539.2519,Quartile 4,4.6712
4215,Tonto Basin Elementary District,Gila,1639357,1452088,1306304,1306304,333053,145784,1352456,1352456,286901,99632,13112360,72,0,0,0,1,0.194444444,0,0.294117647,0,Quartiles 1 & 2,Quartile 1,Quartile 3,"Quartiles 1, 2, & 3",Quartile 1,Quartile 4,20167.88889,18784.11111,182116.1111,Quartile 3,6.8236
4218,Safford Unified District,Graham,25625210.12,23448433.35,16866835,16866835,8758375.12,6581598.35,18571213,18571213,7053997.12,4877220.35,102151132,3065,0,0.008175278,0.511118378,0.451929366,0.150081566,0.006525285,0.217246596,0.548070634,Quartiles 1 & 2,Quartile 2,Quartile 2,"Quartiles 1, 2, & 3",Quartile 3,Quartile 3,7650.386085,6059.123328,33328.26493,Quartile 1,4.6961
4219,Thatcher Unified District,Graham,14557177.48,13579434.29,9686876,9686876,4870301.48,3892558.29,10643739,10643739,3913438.48,2935695.29,39963842,1750,0,0,0.22965955,0.735718407,0.161142857,0,0.188204109,0.264281593,Quartiles 1 & 2,Quartile 1,Quartile 2,"Quartiles 1, 2, & 3",Quartile 2,Quartile 3,7759.676737,6082.136571,22836.48114,Quartile 1,6.8988
4220,Pima Unified District,Graham,7724146,7087916,5849432,5849432,1874714,1238484,6359309,6359309,1364837,728607,15366740,912,0,0,0.251121076,0.727578475,0.217105263,0.027412281,0.27032967,0.272421525,Quartile 3,Quartile 1,Quartile 3,"Quartiles 1, 2, & 3",Quartile 2,Quartile 4,7771.837719,6972.926535,16849.49561,Quartile 1,5.0285
4221,Fort Thomas Unified District,Graham,11640801.11,4658087,3268828,3268828,8371973.11,1389259,3652954,3652954,7987847.11,1005133,4785314,628,0,0,0,0.051529791,0.189490446,0,0.32807571,0.948470209,Quartiles 1 & 2,Quartile 4,Quartile 4,"Quartiles 1, 2, & 3",Quartile 1,Quartile 4,7417.335987,5816.805732,7619.926752,Quartile 1,0
4222,Solomon Elementary District,Graham,2686784.68,2439003.53,1850956.83,1850956.83,835827.85,588046.7,1967541.01,1967541.01,719243.67,471462.52,13943803,205,0,0,0.671717172,0.328282828,0.117073171,0,0.151436031,0.671717172,Quartiles 1 & 2,Quartile 3,Quartile 2,"Quartiles 1, 2, & 3",Quartile 4,Quartile 2,11897.5782,9597.761024,68018.55122,Quartile 2,4.7555
4223,NA,Graham,8350,8350,8346,8346,4,4,8346,8346,4,4,907143,NA,NA,NA,NA,NA,NA,NA,NA,NA,NA,NA,NA,NA,NA,NA,NA,NA,NA,NA,2.7098
4224,Bonita Elementary District,Graham,1692996,1635549,1502003,1502003,190993,133546,1560326,1560326,132670,75223,12724105,95,0,0,0.47311828,0.52688172,0.115789474,0,0.132075472,0.47311828,Quartiles 1 & 2,Quartile 2,Quartile 1,"Quartiles 1, 2, & 3",Quartile 3,Quartile 1,17216.30526,16424.48421,133937.9474,Quartile 3,6.441
4228,Duncan Unified District,Greenlee,4350164.95,3865553.49,3166177,3166177,1183987.95,699376.49,3381142,3381142,969022.95,484411.49,13500313,368,0,0,0.190082645,0.809917355,0.144021739,0,0.161410019,0.190082645,Quartiles 1 & 2,Quartile 1,Quartile 2,"Quartiles 1, 2, & 3",Quartile 1,Quartile 3,10504.22144,9187.88587,36685.63315,Quartile 1,7.3461
4230,Morenci Unified District,Greenlee,14834572.57,13738288.51,8332600,8332600,6501972.57,5405688.51,9181392,9181392,5653180.57,4556896.51,423566890,1536,0,0.01310616,0.631061599,0.288990826,0.089192708,0,0.089852827,0.711009174,Quartiles 1 & 2,Quartile 3,Quartile 1,"Quartiles 1, 2, & 3",Quartile 3,Quartile 1,8944.198249,5977.46875,275759.694,Quartile 4,2.0937
4231,Blue Elementary District,Greenlee,159162,99798,86033,86033,73129,13765,92910,92910,66252,6888,726529,0,NA,NA,NA,NA,NA,NA,NA,NA,NA,NA,NA,NA,NA,NA,NA,NA,NA,NA,3.9358
4232,NA,Greenlee,7019,1855,1850,1850,5169,5,1850,1850,5169,5,625590,NA,NA,NA,NA,NA,NA,NA,NA,NA,NA,NA,NA,NA,NA,NA,NA,NA,NA,NA,1.9679
4234,Maricopa County Regional School District,Maricopa,5525499.75,4250183.44,3439359,3439359,2086140.75,810824.44,3741967,3741967,1783532.75,508216.44,0,692,0.047965116,0.104651163,0.751453488,0.075581395,0.10982659,0.184971098,NA,0.924418605,Quartile 4,Quartile 4,NA,Quartile 4,Quartile 4,Quartile 1,6141.883584,5407.466763,0,Quartile 1,0
4235,Mesa Unified District,Maricopa,622351223.5,540963731.2,420320519,420320519,202030704.5,120643212.2,454270393,454270393,168080830.5,86693338.16,3030255065,62981,0.012575221,0.045347009,0.443975167,0.423318144,0.165796034,0.066655023,0.180264427,0.576681856,Quartile 3,Quartile 2,Quartile 2,Quartile 4,Quartile 3,Quartile 4,8589.31632,7212.816453,48113.79726,Quartile 2,7.6717
4236,Wickenburg Unified District,Maricopa,16718609.91,15004571.07,10090047,10090047,6628562.91,4914524.07,10911720,10911720,5806889.91,4092851.07,207813159,1370,0,0.025792189,0.313927782,0.643330877,0.110218978,0.032846715,0.151494093,0.356669123,Quartile 3,Quartile 1,Quartile 2,"Quartiles 1, 2, & 3",Quartile 2,Quartile 1,10952.24166,7964.759124,151688.4372,Quartile 3,8.2111
4237,Peoria Unified School District,Maricopa,335783518.6,308473223,231199530,231199530,104583988.6,77273693.02,251417843,251417843,84365675.62,57055380.02,1780118947,37532,0.025631461,0.047825855,0.344665885,0.525711393,0.13801556,0.031146755,0.117172652,0.474288607,Quartile 3,Quartile 2,Quartile 1,Quartile 4,Quartile 2,Quartile 2,8218.939119,6698.759539,47429.36553,Quartile 2,7.5293
4238,Gila Bend Unified District,Maricopa,6270536.14,5319376.1,4057240,4057240,2213296.14,1262136.1,4266904,4266904,2003632.14,1052472.1,105327598,455,0,0,0.643652561,0.086859688,0.09010989,0.2,0.275280899,0.913140312,Quartile 4,Quartile 4,Quartile 3,"Quartiles 1, 2, & 3",Quartile 3,Quartile 1,11690.93648,9377.810989,231489.2264,Quartile 4,4.6995
4239,Gilbert Unified District,Maricopa,320163990.5,299120223.2,219439705,219439705,100724285.5,79680518.19,238318440,238318440,81845550.53,60801783.19,1900979361,34226,0.037632209,0.03140887,0.23733419,0.633787179,0.130982294,0.016829311,0.072116665,0.366212821,Quartiles 1 & 2,Quartile 2,Quartile 1,"Quartiles 1, 2, & 3",Quartile 2,Quartile 2,8739.561246,6963.081868,55541.96695,Quartile 2,6.2141
4240,Scottsdale Unified District,Maricopa,256088939.4,241256273.9,158185381.9,158185001.4,97903557.51,83071272.48,170777604.6,170777224.1,85311334.79,70479049.76,5306326867,22227,0.050974041,0.045980114,0.227336123,0.633778738,0.103342781,0.0274441,0.084141222,0.366221262,Quartile 3,Quartile 2,Quartile 1,Quartile 4,Quartile 2,Quartile 1,10854.19867,7683.323171,238733.3813,Quartile 4,3.8834
4241,Paradise Valley Unified District,Maricopa,343293873.8,320218761.4,216497979,216497979,126795894.8,103720782.4,233425766,233425766,109868107.8,86792995.38,3381200251,31023,0.032237266,0.033526757,0.316408769,0.560799484,0.147503465,0.054669116,0.115686554,0.439200516,Quartile 3,Quartile 2,Quartile 1,"Quartiles 1, 2, & 3",Quartile 2,Quartile 3,10321.97922,7524.280888,108990.1122,Quartile 3,6.6566
4242,Chandler Unified District #80,Maricopa,448767105.8,428061433.3,291675279.7,291675279.7,157091826.1,136386153.6,317477127.2,317477127.2,131289978.6,110584306.1,2691741310,45848,0.089413869,0.052003577,0.271928102,0.529677377,0.112065957,0.026544233,0.084723627,0.470322623,Quartile 3,Quartile 2,Quartile 1,Quartile 4,Quartile 2,Quartile 1,9336.53449,6924.557826,58710.11407,Quartile 2,6.7514
4243,Dysart Unified District,Maricopa,221389261.1,199786530.3,156532208,156532208,64857053.08,43254322.29,169891056,169891056,51498205.08,29895474.29,1280332490,24253,0.01744258,0.072780504,0.394540431,0.45037318,0.157506288,0.029027337,0.128314136,0.54962682,Quartile 3,Quartile 2,Quartile 1,Quartile 4,Quartile 3,Quartile 3,8237.600721,7004.95015,52790.68528,Quartile 2,6.9421
4244,Cave Creek Unified District,Maricopa,50548562.84,48499388.93,33110050,33110050,17438512.84,15389338.93,36023909,36023909,14524653.84,12475479.93,1975121478,5396,0.020756116,0.01130467,0.101742031,0.837101557,0.14306894,0.010378058,0.068596046,0.162898443,Quartiles 1 & 2,Quartile 1,Quartile 1,"Quartiles 1, 2, & 3",Quartile 1,Quartile 3,8988.026117,6676.039474,366034.3732,Quartile 4,1.8297
4245,Queen Creek Unified District,Maricopa,110476166.1,106853029.3,52695092,52695092,57781074.09,54157937.27,56911215,56911215,53564951.09,49941814.27,452696977,7736,0.014219235,0.029214064,0.228283351,0.682781799,0.134565667,0.009307135,0.053918145,0.317218201,Quartiles 1 & 2,Quartile 1,Quartile 1,"Quartiles 1, 2, & 3",Quartile 2,Quartile 2,13812.43915,7356.672053,58518.2235,Quartile 2,7.5474
4246,Deer Valley Unified District,Maricopa,325977103,301944929,209894738,209894738,116082365,92050191,226686151,226686151,99290952,75258778,2575110830,34477,0.036989759,0.037482956,0.197887957,0.679451101,0.122081388,0.021811643,0.0891819,0.320548899,Quartiles 1 & 2,Quartile 1,Quartile 1,Quartile 4,Quartile 1,Quartile 2,8757.865505,6574.996403,74690.68741,Quartile 2,6.8438
4247,Fountain Hills Unified District,Maricopa,15721268.65,14235939.37,9691484,9691484,6029784.65,4544455.37,10575109,10575109,5146159.65,3660830.37,484974661,1397,0.007890961,0.014347202,0.118364419,0.657101865,0.115246958,0.014316392,0.062343246,0.342898135,Quartiles 1 & 2,Quartile 1,Quartile 1,"Quartiles 1, 2, & 3",Quartile 1,Quartile 1,10190.36462,7569.870437,347154.3744,Quartile 4,2.4726
4248,Higley Unified School District,Maricopa,120001157.6,114332158,83489994.74,83489994.74,36511162.84,30842163.29,90236452.75,90236452.75,29764704.83,24095705.28,638319595,12465,0.035863286,0.039955071,0.21012516,0.646903081,0.139751304,0.011231448,0.062693403,0.353096919,Quartiles 1 & 2,Quartile 1,Quartile 1,Quartile 4,Quartile 2,Quartile 3,9172.254956,7239.185941,51208.95267,Quartile 2,7.696
4249,Aguila Elementary District,Maricopa,2259514.32,1948977.25,1642449,1642449,617065.32,306528.25,1738981,1738981,520533.32,209996.25,10746099,163,0,0,1,0,0.141104294,0.294478528,0.300469484,1,Quartile 4,Quartile 4,Quartile 4,"Quartiles 1, 2, & 3",Quartile 4,Quartile 3,11956.91564,10668.59509,65926.98773,Quartile 2,4.9826
4250,Sentinel Elementary District,Maricopa,1536423.23,1479111.39,1424884,1424884,111539.23,54227.39,1448270,1448270,88153.23,30841.39,13843960,36,0,0,0.333333333,0.666666667,0,0,0,0.333333333,Quartiles 1 & 2,Quartile 1,Quartile 1,"Quartiles 1, 2, & 3",Quartile 2,Quartile 1,41086.4275,40229.72222,384554.4444,Quartile 4,8.9303
4251,Morristown Elementary District,Maricopa,2392673.77,2147477.11,1707275,1707275,685398.77,440202.11,1776181,1776181,616492.77,371296.11,15969271,111,0,0,0.314285714,0.685714286,0.189189189,0,0.09122807,0.314285714,Quartiles 1 & 2,Quartile 1,Quartile 1,"Quartiles 1, 2, & 3",Quartile 2,Quartile 4,19346.64063,16001.63063,143867.3063,Quartile 3,6.0596
4252,Nadaburg Unified School District,Maricopa,10785885.35,9099369.39,7697325,7697325,3088560.35,1402044.39,8078754,8078754,2707131.35,1020615.39,61571758,808,0,0.015151515,0.345959596,0.612373737,0.221534653,0.047029703,0.125416204,0.387626263,Quartile 3,Quartile 2,Quartile 1,"Quartiles 1, 2, & 3",Quartile 2,Quartile 4,11261.59578,9998.457921,76202.67079,Quartile 2,5.7379
4253,Mobile Elementary District,Maricopa,974579.75,905185.44,718221,718221,256358.75,186964.44,730944,730944,243635.75,174241.44,8470387,16,NA,NA,NA,NA,0,0,0.269230769,NA,Quartiles 1 & 2,NA,Quartile 3,NA,NA,Quartile 1,56574.09,45684,529399.1875,Quartile 4,7.8876
4254,Saddle Mountain Unified School District,Maricopa,19738701,17614898,12732811,12732811,7005890,4882087,13599473,13599473,6139228,4015425,742127564,1975,0.005589431,0.036077236,0.443089431,0.472560976,0.167088608,0.070379747,0.177934272,0.527439024,Quartile 3,Quartile 2,Quartile 2,Quartile 4,Quartile 3,Quartile 4,8918.935696,6885.809114,375760.7919,Quartile 4,1.636
4255,Paloma School District,Maricopa,4667042,4411345,1228501,1228501,3438541,3182844,1304093,1304093,3362949,3107252,56735342,119,0,0,0.867256637,0.132743363,0.285714286,0.302521008,0.174418605,0.867256637,Quartile 4,Quartile 3,Quartile 2,"Quartiles 1, 2, & 3",Quartile 4,Quartile 4,37070.12605,10958.76471,476767.5798,Quartile 4,5.052
4256,Phoenix Elementary District,Maricopa,90069111.6,76053393.88,56230861,56230861,33838250.6,19822532.88,59414956,59414956,30654155.6,16638437.88,695194675,6537,0.01087123,0.088194763,0.796202725,0.05986832,0.12987609,0.148539085,0.340233398,0.94013168,Quartile 4,Quartile 4,Quartile 4,Quartile 4,Quartile 4,Quartile 2,11634.29614,9089.024935,106347.6633,Quartile 3,8.5677
4257,Riverside Elementary District,Maricopa,17868604.43,16241474.55,5983778,5983778,11884826.43,10257696.55,6441659,6441659,11426945.43,9799815.55,371455543,913,0.012087912,0.135164835,0.769230769,0.036263736,0.117196057,0.117196057,0.252739226,0.963736264,Quartile 4,Quartile 4,Quartile 3,Quartile 4,Quartile 4,Quartile 2,17789.12875,7055.486309,406851.6353,Quartile 4,3.9655
4258,Tempe School District,Maricopa,139335197,123951323,85806607,85806607,53528590,38144716,91620246,91620246,47714951,32331077,1449460520,12165,0.027540283,0.119204209,0.515784281,0.207250904,0.138429922,0.106617345,0.21450864,0.792749096,Quartile 4,Quartile 3,Quartile 2,Quartile 4,Quartile 3,Quartile 2,10189.17575,7531.462885,119150.0633,Quartile 3,5.8637
4259,Isaac Elementary District,Maricopa,63409925.47,49060551.95,43097431,43097431,20312494.47,5963120.95,46592308,46592308,16817617.47,2468243.95,134188536,6540,0.001988984,0.04620563,0.925489596,0.013310894,0.124159021,0.336238532,0.381768416,0.986689106,Quartile 4,Quartile 4,Quartile 4,Quartile 4,Quartile 4,Quartile 2,7501.613448,7124.206116,20518.12477,Quartile 1,13.6907
4260,Washington Elementary School District,Maricopa,233679569,191505417,147922817,147922817,85756752,43582600,159632667,159632667,74046902,31872750,1289040831,22682,0.027554889,0.094480205,0.535137995,0.265144167,0.161273256,0.14500485,0.25808639,0.734855833,Quartile 4,Quartile 3,Quartile 3,Quartile 4,Quartile 3,Quartile 3,8443.056917,7037.856759,56831.00392,Quartile 2,5.5716
4261,Wilson Elementary District,Maricopa,14741419.22,11711712.41,9696417,9696417,5045002.22,2015295.41,10310415,10310415,4431004.22,1401297.41,102454425,1239,0,0.093775934,0.906224066,0,0.087974173,0.19693301,0.370607029,1,Quartile 4,Quartile 4,Quartile 4,Quartile 4,Quartile 4,Quartile 1,9452.552389,8321.561743,82691.22276,Quartile 3,7.8704
4262,Osborn Elementary District,Maricopa,33227383.51,27770119.61,17364760,17364760,15862623.51,10405359.61,18842210,18842210,14385173.51,8927909.61,462642693,2856,0.025632022,0.126053371,0.646769663,0.106039326,0.159663866,0.131652661,0.265306122,0.893960674,Quartile 4,Quartile 3,Quartile 3,Quartile 4,Quartile 3,Quartile 3,9723.431236,6597.412465,161989.7384,Quartile 3,4.3493
4263,Creighton Elementary District,Maricopa,65262171,52713976,36154195,36154195,29107976,16559781,39598750,39598750,25663421,13115226,425191036,5904,0.006944444,0.046917344,0.840108401,0.065718157,0.121612466,0.203082656,0.315282426,0.934281843,Quartile 4,Quartile 4,Quartile 4,Quartile 4,Quartile 4,Quartile 2,8928.51897,6707.105352,72017.4519,Quartile 2,5.7562
4264,Tolleson Elementary District,Maricopa,30261562,24996185,18468944,18468944,11792618,6527241,20174602,20174602,10086960,4821583,180969758,3179,0.010403531,0.115069357,0.800441362,0.045397226,0.129600503,0.123938345,0.261254874,0.954602774,Quartile 4,Quartile 4,Quartile 3,Quartile 4,Quartile 4,Quartile 2,7862.908147,6346.210129,56926.63039,Quartile 2,4.9236
4265,Murphy Elementary District,Maricopa,18349518,13872597,11408437,11408437,6941081,2464160,12164042,12164042,6185476,1708555,102399760,1662,0,0.056029233,0.923264312,0.020706456,0.115523466,0.324909747,0.298181818,0.979293544,Quartile 4,Quartile 4,Quartile 3,Quartile 4,Quartile 4,Quartile 1,8346.929603,7318.918171,61612.37064,Quartile 2,4.9342
4266,Liberty Elementary District,Maricopa,32117609.07,29777866.97,22198855,22198855,9918754.07,7579011.97,23981040,23981040,8136569.07,5796826.97,242901538,3586,0.008365867,0.033463469,0.508365867,0.407417736,0.146402677,0.060513107,0.112249762,0.592582264,Quartile 3,Quartile 3,Quartile 1,"Quartiles 1, 2, & 3",Quartile 3,Quartile 3,8303.922747,6687.406581,67736.06748,Quartile 2,3.5903
4267,Kyrene Elementary District,Maricopa,182290660.3,171872464,106405784,106405784,75884876.29,65466680,122953931,122953931,59336729.29,48918533,2056567610,17114,0.053769725,0.102104033,0.299824664,0.427060199,0.100035059,0.02518406,0.075254971,0.572939801,Quartile 3,Quartile 2,Quartile 1,Quartile 4,Quartile 2,Quartile 1,10042.79911,7184.406392,120168.7279,Quartile 3,4.0081
4268,Balsz Elementary District,Maricopa,28053947.89,21653006.59,15270024,15270024,12783923.89,6382982.59,16506171,16506171,11547776.89,5146835.59,299459411,2340,0.009401709,0.181623932,0.655555556,0.070940171,0.141452991,0.197008547,0.305040481,0.929059829,Quartile 4,Quartile 4,Quartile 4,Quartile 4,Quartile 3,Quartile 3,9253.42162,7053.919231,127974.1073,Quartile 3,3.8583
4269,Buckeye Elementary District,Maricopa,49467673.45,43262057.01,33437326,33437326,16030347.45,9824731.01,36004896,36004896,13462777.45,7257161.01,213016234,5483,0.006930512,0.071128944,0.621010396,0.252963706,0.152288893,0.079700894,0.164488729,0.747036294,Quartile 4,Quartile 3,Quartile 2,Quartile 4,Quartile 3,Quartile 3,7890.216489,6566.64162,38850.30713,Quartile 1,6.0008
4270,Madison Elementary District,Maricopa,73330437.12,69328056.62,36269196,36269196,37061241.12,33058860.62,39272763,39272763,34057674.12,30055293.62,994162991,5998,0.017005669,0.058519507,0.377292431,0.454818273,0.081360453,0.042347449,0.133675151,0.545181727,Quartile 3,Quartile 2,Quartile 1,Quartile 4,Quartile 2,Quartile 1,11558.52895,6547.643048,165749.0815,Quartile 3,4.4217
4271,Glendale Elementary District,Maricopa,107668626,84767207,67806001,67806001,39862625,16961206,74319483,74319483,33349143,10447724,287463698,12160,0.029605263,0.104440789,0.713240132,0.109703947,0.134786184,0.158963816,0.297714078,0.890296053,Quartile 4,Quartile 3,Quartile 3,Quartile 4,Quartile 4,Quartile 2,6970.987418,6111.799589,23640.10674,Quartile 1,6.1748
4272,Avondale Elementary District,Maricopa,63616753.06,55629502.98,38986357,38986357,24630396.06,16643145.98,41774146,41774146,21842607.06,13855356.98,367311044,5696,0.020189607,0.117626404,0.644136236,0.193820225,0.139044944,0.104108146,0.196502058,0.806179775,Quartile 4,Quartile 3,Quartile 2,Quartile 4,Quartile 3,Quartile 3,9766.415551,7333.944171,64485.78722,Quartile 2,5.316
4273,Fowler Elementary District,Maricopa,42585975.41,32819276.08,27237021,27237021,15348954.41,5582255.08,29540957,29540957,13045018.41,3278319.08,321309082,4408,0.007259528,0.085980036,0.809891107,0.06238657,0.10753176,0.170372051,0.302409021,0.93761343,Quartile 4,Quartile 4,Quartile 4,Quartile 4,Quartile 4,Quartile 1,7445.38931,6701.669011,72892.25998,Quartile 2,3.8918
4274,Arlington Elementary District,Maricopa,2724143.12,2368055.18,1884147,1884147,839996.12,483908.18,2024050,2024050,700093.12,344005.18,227018955,248,0,0,0.740740741,0.259259259,0.120967742,0.217741935,0.249070632,0.740740741,Quartile 4,Quartile 3,Quartile 3,"Quartiles 1, 2, & 3",Quartile 4,Quartile 2,9548.609597,8161.491935,915399.0121,Quartile 4,0.8903
4275,Palo Verde Elementary District,Maricopa,5056252.35,4419835.65,3378894,3378894,1677358.35,1040941.65,3638598,3638598,1417654.35,781237.65,25038392,429,0,0,0.688564477,0.311435523,0.151515152,0.118881119,0.218415418,0.688564477,Quartile 4,Quartile 3,Quartile 2,"Quartiles 1, 2, & 3",Quartile 4,Quartile 3,10302.6472,8481.58042,58364.55012,Quartile 2,4.1282
4276,Laveen Elementary District,Maricopa,68820573.33,60932599,41910172,41910172,26910401.33,19022427,45523220,45523220,23297353.33,15409379,218178522,7336,0.026035987,0.206924755,0.596101418,0.107415485,0.140130862,0.072928026,0.192414175,0.892584515,Quartile 3,Quartile 3,Quartile 2,Quartile 4,Quartile 3,Quartile 3,8305.97042,6205.455289,29740.8018,Quartile 1,8.0895
4277,Union Elementary District,Maricopa,17014887.47,14270491.96,11094714,11094714,5920173.47,3175777.96,12096639,12096639,4918248.47,2173852.96,66467912,1858,0.009713977,0.134376686,0.758229897,0.053966541,0.137244349,0.156081808,0.182448838,0.946033459,Quartile 4,Quartile 4,Quartile 2,Quartile 4,Quartile 4,Quartile 2,7680.566179,6510.569968,35773.90312,Quartile 1,4.8228
4278,Littleton Elementary District,Maricopa,53349628.36,46080199.25,35549331,35549331,17800297.36,10530868.25,38574349,38574349,14775279.36,7505850.25,249928457,6043,0.012742016,0.104252855,0.765017375,0.07579017,0.1330465,0.123448618,0.17095719,0.92420983,Quartile 4,Quartile 4,Quartile 2,Quartile 4,Quartile 4,Quartile 2,7625.384619,6383.311104,41358.34139,Quartile 2,5.8037
4279,Roosevelt Elementary District,Maricopa,105690053.3,85838394.92,68436605,68436605,37253448.25,17401789.92,73021474,73021474,32668579.25,12816920.92,582818980,8588,0.007336672,0.121346221,0.813089554,0.029346687,0.149394504,0.161271542,0.287620247,0.970653313,Quartile 4,Quartile 4,Quartile 3,Quartile 4,Quartile 4,Quartile 3,9995.15544,8502.733349,67864.34327,Quartile 2,9.6509
4280,Alhambra Elementary District,Maricopa,114797537.7,88419385.73,73057182,73057182,41740355.7,15362203.73,79630398,79630398,35167139.7,8788987.73,347825248,12111,0.031871852,0.09297333,0.788374205,0.051771117,0.110643217,0.214846008,0.344851592,0.948228883,Quartile 4,Quartile 4,Quartile 4,Quartile 4,Quartile 4,Quartile 1,7300.750205,6575.047312,28719.77937,Quartile 1,7.1652
4281,Litchfield Elementary District,Maricopa,98959051,92469805,68621751,68621751,30337300,23848054,74472501,74472501,24486550,17997304,819761974,11566,0.032422618,0.068303649,0.408006225,0.432560955,0.109718139,0.030520491,0.086012384,0.567439045,Quartile 3,Quartile 2,Quartile 1,Quartile 4,Quartile 3,Quartile 1,7994.968442,6438.915874,70876.87826,Quartile 2,3.9133
4282,Cartwright Elementary District,Maricopa,152573958,123562137,99973667,99973667,52600291,23588470,116827819,116827819,35746139,6734318,229926957,16035,0.00405515,0.053652754,0.889138437,0.032066879,0.105706268,0.211786717,0.321394783,0.967933121,Quartile 4,Quartile 4,Quartile 4,Quartile 4,Quartile 4,Quartile 1,7705.777175,7285.800998,14339.0681,Quartile 1,12.6992
4283,Pendergast Elementary District,Maricopa,85539847.11,73728238.59,56703196,56703196,28836651.11,17025042.59,61799938,61799938,23739909.11,11928300.59,316256282,9411,0.021464244,0.074806078,0.750504729,0.105833599,0.129954309,0.105939858,0.213477366,0.894166401,Quartile 4,Quartile 4,Quartile 2,Quartile 4,Quartile 4,Quartile 2,7834.261884,6566.776963,33604.96037,Quartile 1,6.8076
4284,Buckeye Union High School District,Maricopa,45534400,43095682,29822033,29822033,15712367,13273649,32399949,32399949,13134451,10695733,707975117,4293,0.007453995,0.067784766,0.557419054,0.322851153,0.126717913,0.02888423,0.117961273,0.677148847,Quartile 3,Quartile 3,Quartile 1,Quartile 4,Quartile 3,Quartile 2,10038.59352,7547.157932,164913.8404,Quartile 3,3.3401
4285,Glendale Union High School District,Maricopa,166145776.5,150205074.4,111765963,111765963,54379813.47,38439111.4,121489339,121489339,44656437.47,28715735.4,1576504529,15719,0.031808639,0.084292894,0.578471913,0.266111076,0.121636236,0.04300528,0.223634423,0.733888924,Quartile 3,Quartile 3,Quartile 3,Quartile 4,Quartile 3,Quartile 2,9555.638043,7728.821108,100292.9276,Quartile 3,4.6576
4286,Phoenix Union High School District,Maricopa,399632592,359456060.1,259831747,259831747,139800845,99624313.09,275550382,275550382,124082210,83905678.09,4965898777,27428,0.016115507,0.086958107,0.806759762,0.044809859,0.11415342,0.081230859,0.260700477,0.955190141,Quartile 4,Quartile 4,Quartile 3,Quartile 4,Quartile 4,Quartile 1,13105.44189,10046.31698,181052.1648,Quartile 3,6.5019
4287,Tempe Union High School District,Maricopa,140804830.8,134307604.1,96271034,96271034,44533796.76,38036570.08,104212570,104212570,36592260.76,30095034.08,3506028130,13313,0.046871479,0.117629385,0.368587095,0.378652445,0.08585593,0.010440922,0.102992302,0.621347555,Quartiles 1 & 2,Quartile 3,Quartile 1,Quartile 4,Quartile 2,Quartile 1,10088.4552,7827.880267,263353.7242,Quartile 4,2.7131
4288,Tolleson Union High School District,Maricopa,154107025,145886158,82234013,82234013,71873012,63652145,88995987,88995987,65111038,56890171,1134931491,11913,0.021740955,0.092671871,0.779400655,0.075883489,0.107445648,0.043565852,0.169968553,0.924116511,Quartile 3,Quartile 4,Quartile 2,Quartile 4,Quartile 4,Quartile 1,12245.96307,7470.493327,95268.31957,Quartile 3,4.1118
4289,Agua Fria Union High School District,Maricopa,85743774,81364270,55066533,55066533,30677241,26297737,60120082,60120082,25623692,21244188,1187073018,7964,0.030889001,0.097187343,0.480914114,0.340909091,0.108362632,0.011551984,0.100479646,0.659090909,Quartiles 1 & 2,Quartile 3,Quartile 1,Quartile 4,Quartile 3,Quartile 1,10216.50804,7548.980663,149054.8742,Quartile 3,3.906
4368,Lake Havasu Unified District,Mohave,46862512.3,42265151.23,32493648.89,32493648.89,14368863.41,9771502.34,35273906.38,35273906.38,11588605.92,6991244.85,736793102,5447,0.013401873,0.009546539,0.248026437,0.6965302,0.131632091,0.017257206,0.188372093,0.3034698,Quartiles 1 & 2,Quartile 1,Quartile 2,"Quartiles 1, 2, & 3",Quartile 2,Quartile 2,7759.344819,6475.841083,135265.8531,Quartile 3,4.1809
4369,Peach Springs Unified District,Mohave,4440062.56,1878284.02,1435676.13,1435676.13,3004386.43,442607.89,1548511.63,1548511.63,2891550.93,329772.39,11049428,159,0,0,0,0,0.169811321,0,0.326164875,1,Quartiles 1 & 2,Quartile 4,Quartile 4,"Quartiles 1, 2, & 3",Quartile 1,Quartile 4,11813.10704,9739.066855,69493.25786,Quartile 2,6.5602
4370,Colorado City Unified District,Mohave,7255744.06,5686231.87,4038923,4038923,3216821.06,1647308.87,4361569,4361569,2894175.06,1324662.87,12517544,605,0,0,0,1,0.294214876,0,0.315538194,0,Quartiles 1 & 2,Quartile 1,Quartile 4,"Quartiles 1, 2, & 3",Quartile 1,Quartile 4,9398.730364,7209.204959,20690.15537,Quartile 1,5.0549
4371,Hackberry School District,Mohave,1062684.48,979730.89,893112,893112,169572.48,86618.89,912079,912079,150605.48,67651.89,23013254,27,0,0,0,1,0,0,0.183673469,0,Quartiles 1 & 2,Quartile 1,Quartile 2,"Quartiles 1, 2, & 3",Quartile 1,Quartile 1,36286.32926,33780.7037,852342.7407,Quartile 4,4.098
4373,Owens School District No.6,Mohave,524439,445085,331392,331392,193047,113693,365055,365055,159384,80030,10611039,20,0,0,0,1,0.3,0,0.127272727,0,Quartiles 1 & 2,Quartile 1,Quartile 1,"Quartiles 1, 2, & 3",Quartile 1,Quartile 4,22254.25,18252.75,530551.95,Quartile 4,2.9346
4374,Littlefield Unified District,Mohave,4022177.1,3515704.87,2599926,2599926,1422251.1,915778.87,2826545,2826545,1195632.1,689159.87,21021703,379,0,0,0.623626374,0.376373626,0.126649077,0.137203166,0.225749559,0.623626374,Quartile 4,Quartile 3,Quartile 3,"Quartiles 1, 2, & 3",Quartile 3,Quartile 2,9276.266148,7457.902375,55466.23483,Quartile 2,5.0676
4376,Topock Elementary District,Mohave,1584515,1176014,927293,927293,657222,248721,992137,992137,592378,183877,29155421,118,0,0,0.207207207,0.612612613,0.093220339,0,0.214765101,0.387387387,Quartiles 1 & 2,Quartile 2,Quartile 2,"Quartiles 1, 2, & 3",Quartile 2,Quartile 1,9966.220339,8407.940678,247079.839,Quartile 4,2.3694
4377,Yucca Elementary District,Mohave,756043,664989,546095,546095,209948,118894,564157,564157,191886,100832,21237431,27,0,0,0,1,0,0,0.217391304,0,Quartiles 1 & 2,Quartile 1,Quartile 2,"Quartiles 1, 2, & 3",Quartile 1,Quartile 1,24629.22222,20894.7037,786571.5185,Quartile 4,3.5294
4378,Bullhead City School District,Mohave,21325536.82,16925520,14841625,14841625,6483911.82,2083895,16229814,16229814,5095722.82,695706,292251348,2693,0.011169025,0.021965748,0.443782576,0.479895756,0.136279242,0.043445971,0.331279343,0.520104244,Quartile 3,Quartile 2,Quartile 4,"Quartiles 1, 2, & 3",Quartile 3,Quartile 2,6285.00557,6026.666914,108522.5949,Quartile 3,2.0502
4379,Mohave Valley Elementary District,Mohave,12623912.35,10175194.97,8477437,8477437,4146475.35,1697757.97,9035788,9035788,3588124.35,1139406.97,181375022,1074,0,0.013157895,0.357142857,0.531954887,0.153631285,0.017690875,0.239873751,0.468045113,Quartiles 1 & 2,Quartile 2,Quartile 3,"Quartiles 1, 2, & 3",Quartile 2,Quartile 3,9474.110773,8413.210428,168878.0466,Quartile 3,2.7123
4380,Valentine Elementary District,Mohave,1365496.06,732017.84,535274.68,535274.68,830221.38,196743.16,588710.03,588710.03,776786.03,143307.81,3592121,92,0,0,0,0,0.184782609,0,0.25,1,Quartiles 1 & 2,Quartile 4,Quartile 3,"Quartiles 1, 2, & 3",Quartile 1,Quartile 4,7956.715652,6399.022065,39044.79348,Quartile 1,3.4462
4381,Colorado River Union High School District,Mohave,18010994.81,16372777,11402728,11402728,6608266.81,4970049,12559118,12559118,5451876.81,3813659,502781791,1887,0.007427056,0.015384615,0.402122016,0.532095491,0.113937467,0.010068892,0.22886133,0.467904509,Quartiles 1 & 2,Quartile 2,Quartile 3,"Quartiles 1, 2, & 3",Quartile 3,Quartile 1,8676.617382,6655.600424,266445.0403,Quartile 4,2.3297
4386,Navajo County Accommodation District #99,Navajo,441927,329641,302789,302789,139138,26852,314592,314592,127335,15049,0,27,0,0,0,0,NA,0,NA,1,Quartiles 1 & 2,Quartile 4,NA,"Quartiles 1, 2, & 3",Quartile 1,NA,12208.92593,11651.55556,0,Quartile 1,0
4387,Winslow Unified District,Navajo,21087878.2,14711207.21,11384574.28,11384574.28,9703303.92,3326632.93,12580990.51,12580990.51,8506887.69,2130216.7,45173754,2052,0.005853659,0.008780488,0.28097561,0.172682927,0.154483431,0.020955166,0.383147114,0.827317073,Quartiles 1 & 2,Quartile 3,Quartile 4,"Quartiles 1, 2, & 3",Quartile 2,Quartile 3,7169.204293,6131.086993,22014.5,Quartile 1,5.9398
4388,Joseph City Unified District,Navajo,6013120.54,5439177.54,4209009.18,4209009.18,1804111.36,1230168.36,4470858.49,4470858.49,1542262.05,968319.05,125149056,451,0,0,0.143176734,0.5950783,0.146341463,0,0.313397129,0.4049217,Quartiles 1 & 2,Quartile 2,Quartile 4,"Quartiles 1, 2, & 3",Quartile 1,Quartile 3,12060.26062,9913.211729,277492.3636,Quartile 4,3.6764
4389,Holbrook Unified District,Navajo,27413422.87,16581244,14348755,14348755,13064667.87,2232489,15445482,15445482,11967940.87,1135762,44223220,1956,0,0.00666325,0.146078934,0.16658124,0.119120654,0.028118609,0.394128114,0.83341876,Quartile 3,Quartile 3,Quartile 4,"Quartiles 1, 2, & 3",Quartile 1,Quartile 2,8477.118609,7896.46319,22609.00818,Quartile 1,7.3012
4390,Pinon Unified District,Navajo,18794598.94,8608908.95,7277106,7277106,11517492.94,1331802.95,7927927,7927927,10866671.94,680981.95,585022,1072,0,0,0,0,0.117537313,0.053171642,0.46955037,1,Quartile 3,Quartile 4,Quartile 4,"Quartiles 1, 2, & 3",Quartile 1,Quartile 2,8030.698647,7395.454291,545.7294776,Quartile 1,0
4391,Snowflake Unified District,Navajo,20160663.8,17906502,13452905,13452905,6707758.8,4453597,14876472,14876472,5284191.8,3030030,82233208,2588,0,0,0.132501949,0.773577553,0.147604328,0.013523957,0.325112108,0.226422447,Quartiles 1 & 2,Quartile 1,Quartile 4,"Quartiles 1, 2, & 3",Quartile 1,Quartile 3,6919.050232,5748.250386,31774.80989,Quartile 1,5.3612
4392,Heber-Overgaard Unified District,Navajo,6311834.37,5500525.79,3810695,3810695,2501139.37,1689830.79,4144001,4144001,2167833.37,1356524.79,85029244,498,0,0,0.168032787,0.780737705,0.13253012,0,0.308333333,0.219262295,Quartiles 1 & 2,Quartile 1,Quartile 4,"Quartiles 1, 2, & 3",Quartile 1,Quartile 2,11045.23251,8321.287149,170741.4538,Quartile 3,4.601
4393,Show Low Unified District,Navajo,21083297.88,18574614.6,14113197,14113197,6970100.88,4461417.6,15505508,15505508,5577789.88,3069106.6,187841147,2518,0.007171315,0.007171315,0.162948207,0.768924303,0.142970612,0.024225576,0.335846212,0.231075697,Quartiles 1 & 2,Quartile 1,Quartile 4,"Quartiles 1, 2, & 3",Quartile 1,Quartile 3,7376.73336,6157.866561,74599.34353,Quartile 2,4.594
4394,Whiteriver Unified District,Navajo,39728614.27,14727146.28,11683670,11683670,28044944.27,3043476.28,12930899,12930899,26797715.27,1796247.28,1426114,2275,0,0,0.006186478,0,0.12,0.008351648,0.492835721,1,Quartiles 1 & 2,Quartile 4,Quartile 4,"Quartiles 1, 2, & 3",Quartile 1,Quartile 2,6473.470892,5683.911648,626.8632967,Quartile 1,0
4395,Cedar Unified District,Navajo,3552818.84,1479535.3,1055748,1055748,2497070.84,423787.3,1130271,1130271,2422547.84,349264.3,1916439,142,0,0,0,0,0.232394366,0.176056338,0.501261034,1,Quartile 4,Quartile 4,Quartile 4,"Quartiles 1, 2, & 3",Quartile 1,Quartile 4,10419.26268,7959.65493,13496.0493,Quartile 1,0
4396,Kayenta Unified School District #27,Navajo,34696379,15094142,10171558,10171558,24524821,4922584,11162447,11162447,23533932,3931695,9626879,1759,0,0,0.016009148,0,0.123365549,0.08584423,0.540225418,1,Quartile 4,Quartile 4,Quartile 4,"Quartiles 1, 2, & 3",Quartile 1,Quartile 2,8581.092666,6345.90506,5472.927231,Quartile 1,8
4397,Blue Ridge Unified School District No. 32,Navajo,25424259.56,21976377.83,13800622,13800622,11623637.56,8175755.83,15038079,15038079,10386180.56,6938298.83,244552177,2034,0.005920079,0,0.245189936,0.493833251,0.126352016,0.03539823,0.233792545,0.506166749,Quartile 3,Quartile 2,Quartile 3,"Quartiles 1, 2, & 3",Quartile 2,Quartile 2,10804.51221,7393.352507,120232.1421,Quartile 3,6.106
4401,Pima Accommodation District,Pima,1023586,709125,645412,645412,378174,63713,692124,692124,331462,17001,0,60,0,0,0.75,0.25,0.333333333,0,NA,0.75,Quartiles 1 & 2,Quartile 3,NA,"Quartiles 1, 2, & 3",Quartile 4,Quartile 4,11818.75,11535.4,0,Quartile 1,0
4403,Tucson Unified District,Pima,460804175,394373135,309074765,309074765,151729410,85298370,333781473,333781473,127022702,60591662,3304883937,45565,0.01665935,0.061633011,0.640539947,0.201931519,0.14853506,0.079600571,0.242373046,0.798068481,Quartile 3,Quartile 3,Quartile 3,Quartile 4,Quartile 3,Quartile 3,8655.17689,7325.391704,72531.19581,Quartile 2,6.5554
4404,Marana Unified District,Pima,119304254,108574263,80955497,80955497,38348757,27618766,87559360,87559360,31744894,21014903,837559768,12292,0.015619915,0.022616336,0.372356004,0.535226163,0.160836316,0.017653759,0.115068493,0.464773837,Quartiles 1 & 2,Quartile 2,Quartile 1,"Quartiles 1, 2, & 3",Quartile 2,Quartile 3,8832.920843,7123.280182,68138.60788,Quartile 2,6.0839
4405,Flowing Wells Unified District,Pima,50371715.52,43416559.57,33292971,33292971,17078744.52,10123588.57,36354079,36354079,14017636.52,7062480.57,196945255,5649,0.011347518,0.018971631,0.663120567,0.282269504,0.157727031,0.060187644,0.295200784,0.717730496,Quartile 3,Quartile 3,Quartile 3,"Quartiles 1, 2, & 3",Quartile 3,Quartile 3,7685.707129,6435.48929,34863.73783,Quartile 1,6.8859
4406,Amphitheater Unified District,Pima,139087368,125719285,86363947,86363947,52723421,39355338,93927379,93927379,45159989,31791906,1530659161,13657,0.029657293,0.049428822,0.424794962,0.442369654,0.174782163,0.051621879,0.177336238,0.557630346,Quartile 3,Quartile 2,Quartile 2,Quartile 4,Quartile 3,Quartile 4,9205.483269,6877.599692,112078.726,Quartile 3,5.5025
4407,Sunnyside Unified District,Pima,134757964.9,110398754.8,86282334,86282334,48475630.89,24116420.75,95037413,95037413,39720551.89,15361341.75,426219566,16113,0.004468719,0.024888282,0.896909136,0.036804866,0.120089369,0.144665798,0.310606449,0.963195134,Quartile 4,Quartile 4,Quartile 4,"Quartiles 1, 2, & 3",Quartile 4,Quartile 2,6851.533219,5898.182399,26451.90629,Quartile 1,5.606
4408,Tanque Verde Unified District,Pima,20287375,19717076,13304289,13304289,6983086,6412787,15516593,15516593,4770782,4200483,190910119,2103,0.008583691,0.010014306,0.197901764,0.741535527,0.142177841,0,0.049525817,0.258464473,Quartiles 1 & 2,Quartile 1,Quartile 1,"Quartiles 1, 2, & 3",Quartile 1,Quartile 3,9375.689967,7378.313362,90779.89491,Quartile 3,5.415
4409,Ajo Unified District,Pima,5510353.53,4997856.72,3074419,3074419,2435934.53,1923437.72,3386751,3386751,2123602.53,1611105.72,18119943,452,0.024608501,0,0.727069351,0.163310962,0.099557522,0.190265487,0.276849642,0.836689038,Quartile 4,Quartile 3,Quartile 3,"Quartiles 1, 2, & 3",Quartile 4,Quartile 1,11057.20513,7492.811947,40088.36947,Quartile 1,4.5878
4410,Catalina Foothills Unified District,Pima,53924224.9,52318313.56,32855708,32855708,21068516.9,19462605.56,35715259,35715259,18208965.9,16603054.56,613623642,5427,0.071862908,0.020637553,0.252994288,0.587433204,0.087525336,0.018979178,0.055483029,0.412566796,Quartiles 1 & 2,Quartile 2,Quartile 1,"Quartiles 1, 2, & 3",Quartile 2,Quartile 1,9640.374712,6581.031693,113068.6645,Quartile 3,5.4496
4411,Sahuarita Unified District,Pima,64712184.82,61464861.72,40713972.32,40713972.32,23998212.5,20750889.4,44314470.3,44314470.3,20397714.52,17150391.42,295178623,6506,0.010914681,0.026748655,0.549116065,0.372790161,0.121118967,0.022748232,0.10639413,0.627209839,Quartiles 1 & 2,Quartile 3,Quartile 1,"Quartiles 1, 2, & 3",Quartile 3,Quartile 2,9447.411884,6811.32344,45370.21565,Quartile 2,8.424
4412,Baboquivari Unified School District #40,Pima,20196294.83,8426861.46,7248006.76,7248006.76,12948288.07,1178854.7,7812770.06,7812770.06,12383524.77,614091.4,2138705,1076,0,0,0.033550792,0,0.18401487,0,0.465101915,1,Quartiles 1 & 2,Quartile 4,Quartile 4,"Quartiles 1, 2, & 3",Quartile 1,Quartile 4,7831.655632,7260.938717,1987.644052,Quartile 1,0
4413,Vail Unified District,Pima,129473322.7,122171434.5,86396139,86396139,43077183.65,35775295.45,93545724,93545724,35927598.65,28625710.45,492662891,13392,0.021356033,0.039127838,0.33833632,0.539501195,0.11880227,0.006421744,0.068518348,0.460498805,Quartiles 1 & 2,Quartile 2,Quartile 1,Quartile 4,Quartile 2,Quartile 2,9122.717626,6985.194444,36787.85028,Quartile 1,7.1643
4414,San Fernando Elementary District,Pima,448361,448361,417382,417382,30979,30979,430313,430313,18048,18048,10724672,0,NA,NA,NA,NA,NA,NA,0,NA,NA,NA,Quartile 1,NA,NA,NA,NA,NA,NA,NA,4.3145
4415,NA,Pima,391895,391895,390631,390631,1264,1264,390631,390631,1264,1264,6861817,NA,NA,NA,NA,NA,NA,NA,NA,NA,NA,NA,NA,NA,NA,NA,NA,NA,NA,NA,6.4884
4416,Continental Elementary District,Pima,8560730.8,8219667.14,5941669.66,5941669.66,2619061.14,2277997.48,6250148.7,6250148.7,2310582.1,1969518.44,342028832,598,0,0,0.511986301,0.467465753,0.183946488,0.025083612,0.107669617,0.532534247,Quartiles 1 & 2,Quartile 2,Quartile 1,"Quartiles 1, 2, & 3",Quartile 3,Quartile 4,13745.26278,10451.75368,571954.5686,Quartile 4,2.5037
4417,NA,Pima,125931,125931,125048,125048,883,883,125048,125048,883,883,1397663,NA,NA,NA,NA,NA,NA,NA,NA,NA,NA,NA,NA,NA,NA,NA,NA,NA,NA,NA,8.6853
4418,Altar Valley Elementary District,Pima,9094906.53,7588141.05,6632473,6632473,2462433.53,955668.05,6962744,6962744,2132162.53,625397.05,45414017,639,0,0,0.57278481,0.308544304,0.205007825,0.075117371,0.250188395,0.691455696,Quartile 3,Quartile 3,Quartile 3,"Quartiles 1, 2, & 3",Quartile 3,Quartile 4,11875.02512,10896.31299,71070.44914,Quartile 2,5.9852
4435,Mary C O'Brien Accommodation District,Pinal,5797751.22,5415078.71,4548431,4548431,1249320.22,866647.71,4684095,4684095,1113656.22,730983.71,0,220,0,0,0.727722772,0.272277228,0.154545455,0,NA,0.727722772,Quartiles 1 & 2,Quartile 3,NA,"Quartiles 1, 2, & 3",Quartile 4,Quartile 3,24613.99414,21291.34091,0,Quartile 1,0
4437,Florence Unified School District,Pinal,81337698.57,75242579.12,57878177.45,57878177.45,23459521.12,17364401.67,62831249.58,62831249.58,18506448.99,12411329.54,432071388,9212,0.013570731,0.075887526,0.382260341,0.472587124,0.169018671,0.023990447,0.126828993,0.527412876,Quartiles 1 & 2,Quartile 2,Quartile 1,Quartile 4,Quartile 3,Quartile 4,8167.887442,6820.587232,46903.10334,Quartile 2,5.6856
4438,Ray Unified District,Pinal,5093142.4,4551006.16,3573309,3573309,1519833.4,977697.16,3847255,3847255,1245887.4,703751.16,45777087,426,0,0,0.60911271,0.39088729,0.126760563,0,0.164540816,0.60911271,Quartiles 1 & 2,Quartile 3,Quartile 2,"Quartiles 1, 2, & 3",Quartile 3,Quartile 2,10683.11305,9031.115023,107457.9507,Quartile 3,6.3444
4439,Mammoth-San Manuel Unified District,Pinal,6742259,5748406,4528802,4528802,2213457,1219604,4972642,4972642,1769617,775764,15446623,642,0,0,0.729166667,0.253205128,0.196261682,0,0.247229327,0.746794872,Quartiles 1 & 2,Quartile 3,Quartile 3,"Quartiles 1, 2, & 3",Quartile 4,Quartile 4,8953.903427,7745.548287,24060.16044,Quartile 1,6.0739
4440,Superior Unified School District,Pinal,5002792.33,4284025.39,2863778,2863778,2139014.33,1420247.39,3122877,3122877,1879915.33,1161148.39,16487582,358,0,0,0.88150289,0.11849711,0.117318436,0.033519553,0.237541528,0.88150289,Quartile 3,Quartile 3,Quartile 3,"Quartiles 1, 2, & 3",Quartile 4,Quartile 2,11966.55137,8723.120112,46054.69832,Quartile 2,6.4701
4441,Maricopa Unified School District,Pinal,63334051.55,57780567.51,45237567,45237567,18096484.55,12543000.51,48881613,48881613,14452438.55,8898954.51,288444529,7075,0.019222615,0.124805654,0.387279152,0.357597173,0.168480565,0.034487633,0.125233479,0.642402827,Quartile 3,Quartile 3,Quartile 1,Quartile 4,Quartile 3,Quartile 4,8166.864666,6909.061908,40769.54473,Quartile 1,7.2004
4442,Coolidge Unified District,Pinal,23788457.1,17978658.46,14279430,14279430,9509027.1,3699228.46,15532500,15532500,8255957.1,2446158.46,96819276,2263,0,0.097560976,0.517073171,0.219955654,0.12284578,0.041979673,0.229928741,0.780044346,Quartile 3,Quartile 3,Quartile 3,Quartile 4,Quartile 3,Quartile 2,7944.612665,6863.676536,42783.59523,Quartile 2,6.234
4443,Apache Junction Unified District,Pinal,32820625.43,30026892.43,20791488,20791488,12029137.43,9235404.43,22747040,22747040,10073585.43,7279852.43,399340699,3391,0.006207508,0.013301803,0.339934969,0.597103163,0.189029785,0.041875553,0.176797006,0.402896837,Quartile 3,Quartile 2,Quartile 2,"Quartiles 1, 2, & 3",Quartile 2,Quartile 4,8854.878334,6708.062518,117764.8773,Quartile 3,4.7754
4444,Oracle Elementary District,Pinal,6716370.11,6140433.52,5078465,5078465,1637905.11,1061968.52,5274543,5274543,1441827.11,865890.52,208246121,406,0,0,0.58778626,0.41221374,0.325123153,0.02955665,0.107706592,0.58778626,Quartile 3,Quartile 2,Quartile 1,"Quartiles 1, 2, & 3",Quartile 3,Quartile 4,15124.22049,12991.48522,512921.4803,Quartile 4,2.6742
4445,J O Combs Unified School District,Pinal,39755785.56,36327899.32,25649526,25649526,14106259.56,10678373.32,28159025,28159025,11596760.56,8168874.32,188667441,4562,0.010304758,0.035299276,0.327778996,0.57290068,0.172731258,0.024331434,0.089658906,0.42709932,Quartiles 1 & 2,Quartile 2,Quartile 1,Quartile 4,Quartile 2,Quartile 4,7963.151977,6172.517536,41356.30009,Quartile 2,5.6432
4446,Casa Grande Elementary District,Pinal,60152106.77,51684876.77,43578140,43578140,16573966.77,8106736.77,46910542,46910542,13241564.77,4774334.77,433269323,6805,0.005731922,0.033803645,0.633156966,0.216637272,0.143717855,0.055988244,0.223020063,0.783362728,Quartile 3,Quartile 3,Quartile 2,Quartile 4,Quartile 3,Quartile 3,7595.132516,6893.540338,63669.26128,Quartile 2,3.4922
4447,Red Rock Elementary District,Pinal,3633730.56,3224703.49,2758040,2758040,875690.56,466663.49,2984050,2984050,649680.56,240653.49,42698400,398,0,0,0.35492228,0.601036269,0.195979899,0,0.142384106,0.398963731,Quartiles 1 & 2,Quartile 2,Quartile 2,"Quartiles 1, 2, & 3",Quartile 2,Quartile 4,8102.270075,7497.613065,107282.4121,Quartile 3,2.2782
4448,Eloy Elementary District,Pinal,8201905.27,6487016.33,5269176,5269176,2932729.27,1217840.33,5707555,5707555,2494350.27,779461.33,21836723,823,0,0.105521472,0.793865031,0.042944785,0.133657351,0.060753341,0.303763441,0.957055215,Quartile 3,Quartile 4,Quartile 4,Quartile 4,Quartile 4,Quartile 2,7882.15836,6935.060753,26533.07776,Quartile 1,6.1544
4449,Sacaton Elementary District,Pinal,12110259.15,4646096.47,3085981,3085981,9024278.15,1560115.47,3392838,3392838,8717421.15,1253258.47,2297812,640,0,0,0.0864,0,0.3140625,0,0.403212851,1,Quartiles 1 & 2,Quartile 4,Quartile 4,"Quartiles 1, 2, & 3",Quartile 1,Quartile 4,7259.525734,5301.309375,3590.33125,Quartile 1,0
4450,Toltec School District,Pinal,8696619.07,7544886.52,6069839,6069839,2626780.07,1475047.52,6579104,6579104,2117515.07,965782.52,79139829,1045,0,0.046242775,0.611753372,0.266859345,0.180861244,0.064114833,0.206862258,0.733140655,Quartile 3,Quartile 3,Quartile 2,Quartile 4,Quartile 3,Quartile 4,7219.9871,6295.793301,75731.89378,Quartile 2,2.832
4451,Stanfield Elementary District,Pinal,6298373.71,3998471.98,3334572,3334572,2963801.71,663899.98,3613100,3613100,2685273.71,385371.98,32094393,469,0,0,0.715859031,0.140969163,0.142857143,0.157782516,0.138259833,0.859030837,Quartile 4,Quartile 3,Quartile 2,"Quartiles 1, 2, & 3",Quartile 4,Quartile 3,8525.52661,7703.837953,68431.54158,Quartile 2,3.309
4452,Picacho Elementary District,Pinal,1817359.14,1535370.72,1335332,1335332,482027.14,200038.72,1440200,1440200,377159.14,95170.72,52666998,182,0,0,0.898809524,0.101190476,0.115384615,0.142857143,0.270072993,0.898809524,Quartile 4,Quartile 4,Quartile 3,"Quartiles 1, 2, & 3",Quartile 4,Quartile 1,8436.102857,7913.186813,289379.1099,Quartile 4,2.3631
4453,Casa Grande Union High School District,Pinal,38893296.06,35216168.28,26639237,26639237,12254059.06,8576931.28,28842613,28842613,10050683.06,6373555.28,546801357,3581,0.013426573,0.03048951,0.627692308,0.215384615,0.126500977,0.015917342,0.191405551,0.784615385,Quartiles 1 & 2,Quartile 3,Quartile 2,"Quartiles 1, 2, & 3",Quartile 3,Quartile 2,9834.171539,8054.345993,152695.1569,Quartile 3,3.0779
4454,Santa Cruz Valley Union High School District,Pinal,5813898.66,5255243.66,3846876,3846876,1967022.66,1408367.66,4135451,4135451,1678447.66,1119792.66,117202121,403,0,0.081841432,0.851662404,0.066496164,0.133995037,0.047146402,0.210174029,0.933503836,Quartile 3,Quartile 4,Quartile 2,Quartile 4,Quartile 4,Quartile 2,13040.30685,10261.66501,290824.1216,Quartile 4,3.3065
4457,Nogales Unified District,Santa Cruz,49244691.94,40669884.12,33546061,33546061,15698630.94,7123823.12,36933570,36933570,12311121.94,3736314.12,127784488,5692,0.004927842,0,0.990496304,0.004575854,0.102600141,0.190091356,0.425403226,0.995424146,Quartile 4,Quartile 4,Quartile 4,"Quartiles 1, 2, & 3",Quartile 4,Quartile 1,7145.095594,6488.680604,22449.83978,Quartile 1,5.7075
4458,Santa Cruz Valley Unified District,Santa Cruz,27582577.59,23173579.78,18563060,18563060,9019517.59,4610519.78,20458951,20458951,7123626.59,2714628.78,154358808,312,0,0,1,0,NA,0.291666667,0.271912351,1,Quartile 4,Quartile 4,Quartile 3,"Quartiles 1, 2, & 3",Quartile 4,NA,74274.29417,65573.5609,494739.7692,Quartile 4,4.3045
4459,Santa Cruz Elementary District,Santa Cruz,2969925.65,2571323.99,2175671,2175671,794254.65,395652.99,2313194,2313194,656731.65,258129.99,10078818,186,0,0,1,0,0.096774194,0.231182796,0.25,1,Quartile 4,Quartile 4,Quartile 3,"Quartiles 1, 2, & 3",Quartile 4,Quartile 1,13824.32253,12436.52688,54187.19355,Quartile 2,7.4375
4460,Patagonia Elementary District,Santa Cruz,1475310.48,1338138.14,1206526.22,1206526.22,268784.26,131611.92,1263132.18,1263132.18,212178.3,75005.96,18466843,99,0,0,0.765957447,0.234042553,0.141414141,0,0.211864407,0.765957447,Quartiles 1 & 2,Quartile 3,Quartile 2,"Quartiles 1, 2, & 3",Quartile 4,Quartile 3,13516.54687,12758.91091,186533.7677,Quartile 3,4.2363
4461,Sonoita Elementary District,Santa Cruz,2290381.19,2093956.5,1931763,1931763,358618.19,162193.5,1999762,1999762,290619.19,94194.5,32998695,128,0,0,0.256,0.744,0.2109375,0,0.212389381,0.256,Quartiles 1 & 2,Quartile 1,Quartile 2,"Quartiles 1, 2, & 3",Quartile 2,Quartile 4,16359.03516,15623.14063,257802.3047,Quartile 4,4.6271
4462,Patagonia Union High School District,Santa Cruz,1926477.59,1733940.79,1445583.55,1445583.55,480894.04,288357.24,1502937.9,1502937.9,423539.69,231002.89,51465538,82,0,0,0.481481481,0.518518519,0,0,0.123966942,0.481481481,Quartiles 1 & 2,Quartile 2,Quartile 1,"Quartiles 1, 2, & 3",Quartile 3,Quartile 1,21145.61939,18328.51098,627628.5122,Quartile 4,2.745
4466,Prescott Unified District,Yavapai,33724468,30229970,25153287,25153287,8571181,5076683,27300405,27300405,6424063,2929565,893903804,4027,0.009708738,0.009708738,0.164052776,0.760766741,0.117705488,0.00844301,0.11822926,0.239233259,Quartiles 1 & 2,Quartile 1,Quartile 1,"Quartiles 1, 2, & 3",Quartile 1,Quartile 2,7506.821455,6779.3407,221977.6022,Quartile 4,2.8745
4467,Sedona-Oak Creek JUSD #9,Yavapai,15719885.12,14992990.57,6646845,6646845,9073040.12,8346145.57,7217264,7217264,8502621.12,7775726.57,565654130,515,0,0,0.637651822,0.325910931,0.153398058,0.124271845,0.129911788,0.674089069,Quartile 4,Quartile 3,Quartile 1,"Quartiles 1, 2, & 3",Quartile 3,Quartile 3,29112.60305,14014.10485,1098357.534,Quartile 4,2.3019
4468,Bagdad Unified District,Yavapai,7126348,6754235,3554863,3554863,3571485,3199372,3837592,3837592,3288756,2916643,76993278,465,0,0,0.3200883,0.6401766,0.223655914,0,0.10421286,0.3598234,Quartiles 1 & 2,Quartile 1,Quartile 1,"Quartiles 1, 2, & 3",Quartile 2,Quartile 4,14525.23656,8252.886022,165576.9419,Quartile 3,4.038
4469,Humboldt Unified District,Yavapai,50709786.3,42898020,31975307,31975307,18734479.3,10922713,35078395,35078395,15631391.3,7819625,421367383,5561,0.007384726,0.00648415,0.336995677,0.603746398,0.130012588,0.037762992,0.190673828,0.396253602,Quartile 3,Quartile 2,Quartile 2,"Quartiles 1, 2, & 3",Quartile 2,Quartile 2,7714.083798,6307.929329,75771.8725,Quartile 2,4.9072
4470,Camp Verde Unified District,Yavapai,13510157.82,11522016.47,9512500.22,9512500.22,3997657.6,2009516.25,10392740.18,10392740.18,3117417.64,1129276.29,73946580,1575,0,0,0.328205128,0.541666667,0.122539683,0.041269841,0.197286603,0.458333333,Quartile 3,Quartile 2,Quartile 2,"Quartiles 1, 2, & 3",Quartile 2,Quartile 2,7315.566013,6598.565194,46950.20952,Quartile 2,4.4446
4471,Ash Fork Joint Unified District,Yavapai,4321538,3942289,3294732,3294732,1026806,647557,3463945,3463945,857593,478344,29486912,267,0,0,0.473076923,0.526923077,0.157303371,0.056179775,0.213740458,0.473076923,Quartile 3,Quartile 2,Quartile 2,"Quartiles 1, 2, & 3",Quartile 3,Quartile 3,14765.12734,12973.57678,110437.8727,Quartile 3,8.4894
4472,Seligman Unified District,Yavapai,3458517,3296770,2584260,2584260,874257,712510,2666645,2666645,791872,630125,34688936,98,0,0,0.292134831,0.573033708,0.163265306,0,0.25,0.426966292,Quartiles 1 & 2,Quartile 2,Quartile 3,"Quartiles 1, 2, & 3",Quartile 2,Quartile 3,33640.5102,27210.66327,353968.7347,Quartile 4,7.7237
4473,Mayer Unified School District,Yavapai,6026067.57,5057423.77,4065918,4065918,1960149.57,991505.77,4383399,4383399,1642668.57,674024.77,35024675,517,0,0,0.216535433,0.710629921,0.203094778,0,0.349640288,0.289370079,Quartiles 1 & 2,Quartile 1,Quartile 4,"Quartiles 1, 2, & 3",Quartile 2,Quartile 4,9782.251006,8478.528046,67745.98646,Quartile 2,5.1508
4474,Chino Valley Unified District,Yavapai,19696217.96,17082334.39,13793808,13793808,5902409.96,3288526.39,15062799,15062799,4633418.96,2019535.39,186781801,2347,0.005148005,0,0.300729301,0.661518662,0.156369834,0.035790371,0.134841363,0.338481338,Quartile 3,Quartile 1,Quartile 1,"Quartiles 1, 2, & 3",Quartile 2,Quartile 3,7278.37,6417.894759,79583.21304,Quartile 3,4.2808
4475,NA,Yavapai,300843,298213,280242,280242,20601,17971,280242,280242,20601,17971,17194335,NA,NA,NA,NA,NA,NA,NA,NA,NA,NA,NA,NA,NA,NA,NA,NA,NA,NA,NA,1.7107
4476,NA,Yavapai,16124,15197,11477,11477,4647,3720,11477,11477,4647,3720,4156359,NA,NA,NA,NA,NA,NA,NA,NA,NA,NA,NA,NA,NA,NA,NA,NA,NA,NA,NA,0.2959
4478,Skull Valley Elementary District,Yavapai,604961,569583,491990,491990,112971,77593,505001,505001,99960,64582,7606227,20,0,0,0,1,0,0,0.113207547,0,Quartiles 1 & 2,Quartile 1,Quartile 1,"Quartiles 1, 2, & 3",Quartile 1,Quartile 1,28479.15,25250.05,380311.35,Quartile 4,5.762
4479,Congress Elementary District,Yavapai,1905657,1723903,1495152,1495152,410505,228751,1559704,1559704,345953,164199,23444069,95,0,0,0.411111111,0.588888889,0.252631579,0,0.12745098,0.411111111,Quartiles 1 & 2,Quartile 2,Quartile 1,"Quartiles 1, 2, & 3",Quartile 3,Quartile 4,18146.34737,16417.93684,246779.6737,Quartile 4,5.3012
4480,Kirkland Elementary District,Yavapai,1402587,1234787,1044186,1044186,358401,190601,1084573,1084573,318014,150214,8707945,78,0,0,0.28,0.72,0.384615385,0,0.352517986,0.28,Quartiles 1 & 2,Quartile 1,Quartile 4,"Quartiles 1, 2, & 3",Quartile 2,Quartile 4,15830.60256,13904.78205,111640.3205,Quartile 3,5.829
4481,Beaver Creek Elementary District,Yavapai,4574467.35,3957956.09,3174214,3174214,1400253.35,783742.09,3346498,3346498,1227969.35,611458.09,26174269,323,0,0,0.358803987,0.641196013,0.247678019,0.037151703,0.125340599,0.358803987,Quartile 3,Quartile 1,Quartile 1,"Quartiles 1, 2, & 3",Quartile 2,Quartile 4,12253.73402,10360.67492,81034.88854,Quartile 3,5.5468
4482,Hillside Elementary District,Yavapai,305229.25,285850.26,229011.48,229011.48,76217.77,56838.78,243534.15,243534.15,61695.1,42316.11,3570295,0,NA,NA,NA,NA,NA,NA,0.136363636,NA,NA,NA,Quartile 2,NA,NA,NA,NA,NA,NA,NA,6.5707
4483,Crown King Elementary District,Yavapai,142305.4,110080.24,88040.85,88040.85,54264.55,22039.39,92269.94,92269.94,50035.46,17810.3,4253570,0,NA,NA,NA,NA,NA,NA,0.142857143,NA,NA,NA,Quartile 2,NA,NA,NA,NA,NA,NA,NA,2.4158
4484,Canon Elementary District,Yavapai,2251429.62,1906212.53,1524811,1524811,726618.62,381401.53,1607895,1607895,643534.62,298317.53,15027816,135,0,0,0.163934426,0.836065574,0.2,0,0.38253012,0.163934426,Quartiles 1 & 2,Quartile 1,Quartile 4,"Quartiles 1, 2, & 3",Quartile 1,Quartile 4,14120.09281,11910.33333,111317.1556,Quartile 3,5.138
4485,Yarnell Elementary District,Yavapai,995621,906944,764591,764591,231030,142353,793085,793085,202536,113859,10125336,44,0,0,0,1,0,0,0.338461538,0,Quartiles 1 & 2,Quartile 1,Quartile 4,"Quartiles 1, 2, & 3",Quartile 1,Quartile 1,20612.36364,18024.65909,230121.2727,Quartile 4,6.3473
4486,Clarkdale-Jerome Elementary District,Yavapai,4012772.97,3576893.98,2996899.66,2996899.66,1015873.31,579994.32,3258121.49,3258121.49,754651.48,318772.49,52443769,472,0,0,0.19527897,0.699570815,0.110169492,0,0.112462006,0.300429185,Quartiles 1 & 2,Quartile 1,Quartile 1,"Quartiles 1, 2, & 3",Quartile 1,Quartile 1,7578.165212,6902.799767,111109.6801,Quartile 3,2.4663
4487,Cottonwood-Oak Creek Elementary District,Yavapai,18467646.81,15853297.63,12431074,12431074,6036572.81,3422223.63,13453984,13453984,5013662.81,2399313.63,231293929,2102,0.009043313,0.009043313,0.419800095,0.524988101,0.135585157,0.11132255,0.214088398,0.475011899,Quartile 4,Quartile 2,Quartile 2,"Quartiles 1, 2, & 3",Quartile 3,Quartile 2,7542.006484,6400.563273,110035.1708,Quartile 3,3.0015
4488,Mingus Union High School District,Yavapai,13135511,12265665,7499416,7499416,5636095,4766249,8289858,8289858,4845653,3975807,283737698,1264,0,0,0.383319968,0.55733761,0.08306962,0.03164557,0.220385675,0.44266239,Quartile 3,Quartile 2,Quartile 2,"Quartiles 1, 2, & 3",Quartile 3,Quartile 1,9703.848892,6558.431962,224476.0269,Quartile 4,2.8962
4499,Yuma Elementary District,Yuma,75347041,60877572,48614106,48614106,26732935,12263466,53083185,53083185,22263856,7794387,716633520,8900,0.007422402,0.016869096,0.735380117,0.220197931,0.10988764,0.12494382,0.245776717,0.779802069,Quartile 4,Quartile 3,Quartile 3,"Quartiles 1, 2, & 3",Quartile 4,Quartile 1,6840.176629,5964.402809,80520.62022,Quartile 3,2.354
4500,Somerton Elementary District,Yuma,25044893.78,19817483.92,15932023,15932023,9112870.78,3885460.92,17447446,17447446,7597447.78,2370037.92,66504791,3058,0,0,0.956607495,0.020052597,0.121648136,0.258665795,0.329615861,0.979947403,Quartile 4,Quartile 4,Quartile 4,"Quartiles 1, 2, & 3",Quartile 4,Quartile 2,6480.53758,5705.508829,21747.80608,Quartile 1,4.292
4501,Crane Elementary District,Yuma,49954871.43,41301339.78,31926605,31926605,18028266.43,9374734.78,35065916,35065916,14888955.43,6235423.78,222818040,6319,0.014084507,0.01313499,0.823389777,0.129767368,0.101756607,0.150815002,0.23470925,0.870232632,Quartile 4,Quartile 3,Quartile 3,"Quartiles 1, 2, & 3",Quartile 4,Quartile 1,6536.056303,5549.282481,35261.59835,Quartile 1,3.1941
4502,Hyder Elementary District,Yuma,2310077.88,1969363.52,1635670,1635670,674407.88,333693.52,1690540,1690540,619537.88,278823.52,65321121,105,0,0,0.854368932,0.145631068,0.114285714,0.142857143,0.218181818,0.854368932,Quartile 4,Quartile 3,Quartile 2,"Quartiles 1, 2, & 3",Quartile 4,Quartile 1,18755.84305,16100.38095,622105.9143,Quartile 4,2.8092
4503,Mohawk Valley Elementary District,Yuma,1965891.29,1673369.66,1359366,1359366,606525.29,314003.66,1458861,1458861,507030.29,214508.66,17709732,155,0,0,0.555555556,0.444444444,0.232258065,0.116129032,0.274285714,0.555555556,Quartile 4,Quartile 2,Quartile 3,"Quartiles 1, 2, & 3",Quartile 3,Quartile 4,10795.93329,9412.006452,114256.3355,Quartile 3,2.9975
4504,Wellton Elementary District,Yuma,2084132.57,1694585.24,1399103,1399103,685029.57,295482.24,1519504,1519504,564628.57,175081.24,27343615,193,0,0,0.837988827,0.162011173,0.119170984,0.113989637,0.29494382,0.837988827,Quartile 4,Quartile 3,Quartile 3,"Quartiles 1, 2, & 3",Quartile 4,Quartile 2,8780.234404,7873.07772,141676.7617,Quartile 3,2.5615
4505,Gadsden Elementary District,Yuma,43536207.28,34052267.89,27797809,27797809,15738398.28,6254458.89,30472834,30472834,13063373.28,3579433.89,66731834,5274,0,0,1,0,0.123625332,0.461319681,0.312443026,1,Quartile 4,Quartile 4,Quartile 4,"Quartiles 1, 2, & 3",Quartile 4,Quartile 2,6456.630241,5777.935912,12652.98331,Quartile 1,4.4513
4506,Antelope Union High School District,Yuma,3416376.17,3015092.52,2341221,2341221,1075155.17,673871.52,2492158,2492158,924218.17,522934.52,110374468,222,0,0,0.756880734,0.243119266,0.184684685,0,0.176470588,0.756880734,Quartiles 1 & 2,Quartile 3,Quartile 2,"Quartiles 1, 2, & 3",Quartile 4,Quartile 4,13581.49784,11225.93694,497182.2883,Quartile 4,2.3559
4507,Yuma Union High School District,Yuma,104117966.4,89812728.37,67372274,67372274,36745692.37,22440454.37,73857975,73857975,30259991.37,15954753.37,1072688185,11161,0.006271839,0.01093092,0.845533554,0.121136099,0.089149718,0.076874832,0.261282072,0.878863901,Quartile 3,Quartile 3,Quartile 3,"Quartiles 1, 2, & 3",Quartile 4,Quartile 1,8047.014458,6617.505152,96110.40095,Quartile 3,2.5521
4510,Parker Unified School District,La Paz,23249911,10120782,7502745,7502745,15747166,2618037,8459790,8459790,14790121,1660992,84433886,1934,0,0,0.476066597,0.180020812,0.181489142,0.017580145,0.342598187,0.819979188,Quartiles 1 & 2,Quartile 3,Quartile 4,"Quartiles 1, 2, & 3",Quartile 3,Quartile 4,5233.08273,4374.245088,43657.64529,Quartile 2,1.1252
4511,Quartzsite Elementary District,La Paz,2014721,1717873,1453023,1453023,561698,264850,1551863,1551863,462858,166010,60788613,183,0,0,0.534482759,0.465517241,0.092896175,0.06010929,0.288135593,0.534482759,Quartile 3,Quartile 2,Quartile 3,"Quartiles 1, 2, & 3",Quartile 3,Quartile 1,9387.284153,8480.125683,332178.2131,Quartile 4,2.2845
4512,Wenden Elementary District,La Paz,1781068.92,1630860.45,1215021,1215021,566047.92,415839.45,1276346,1276346,504722.92,354514.45,15222117,111,0,0,1,0,0.135135135,0.234234234,0.333333333,1,Quartile 4,Quartile 4,Quartile 4,"Quartiles 1, 2, & 3",Quartile 4,Quartile 2,14692.43649,11498.61261,137136.1892,Quartile 3,5.3886
4513,Bouse Elementary District,La Paz,761349,686864,638477,638477,122872,48387,650963,650963,110386,35901,15653498,40,0,0,0.53125,0.46875,0,0,0.195652174,0.53125,Quartiles 1 & 2,Quartile 2,Quartile 2,"Quartiles 1, 2, & 3",Quartile 3,Quartile 1,17171.6,16274.075,391337.45,Quartile 4,4.1921
4514,Salome Consolidated Elementary District,La Paz,1307003.2,1050051.7,862862,862862,444141.2,187189.7,937373,937373,369630.2,112678.7,26575721,113,0,0,0.771428571,0.228571429,0.150442478,0.371681416,0.511627907,0.771428571,Quartile 4,Quartile 3,Quartile 4,"Quartiles 1, 2, & 3",Quartile 4,Quartile 3,9292.49292,8295.336283,235183.3717,Quartile 4,2.2898
4515,Bicentennial Union High School District,La Paz,2028186.06,1654120.15,1433757,1433757,594429.06,220363.15,1509199,1509199,518987.06,144921.15,118239949,123,0,0,0.638655462,0.361344538,0.203252033,0,0.099678457,0.638655462,Quartiles 1 & 2,Quartile 3,Quartile 1,"Quartiles 1, 2, & 3",Quartile 3,Quartile 4,13448.1313,12269.91057,961300.3984,Quartile 4,1.2243
4516,East Valley Institute of Technology,Maricopa,51884770,51046001,41889559,41889559,9995211,9156442,43480446,43480446,8404324,7565555,18599219922,1093,0.012808783,0.028362306,0.308325709,0.614821592,NA,0,NA,0.385178408,Quartiles 1 & 2,Quartile 2,NA,"Quartiles 1, 2, & 3",Quartile 2,NA,46702.65416,39780.82891,17016669.65,Quartile 4,0.1
10386,Coconino County Accommodation School District,Coconino,3161329,2855249,2633369,2633369,527960,221880,2730285,2730285,431044,124964,0,154,0,0,0.209150327,0.137254902,0.155844156,0,NA,0.862745098,Quartiles 1 & 2,Quartile 3,NA,"Quartiles 1, 2, & 3",Quartile 2,Quartile 3,18540.57792,17729.12338,0,Quartile 1,0
78786,Northern Arizona Vocational Institute of Technology,Navajo,5736983,5736983,4789295,4789295,947688,947688,4941025,4941025,795958,795958,1431906429,16,0,0,0,1,NA,0,NA,0,Quartiles 1 & 2,Quartile 1,NA,"Quartiles 1, 2, & 3",Quartile 1,NA,358561.4375,308814.0625,89494151.81,Quartile 4,0.05
79226,Benson Unified School District,Cochise,13374368.23,12213525.81,8664068.06,8664068.06,4710300.17,3549457.75,9426116.91,9426116.91,3948251.32,2787408.9,71896173,1289,0.008668243,0.017336485,0.279747833,0.671394799,0.154383243,0.013188518,0.274754683,0.328605201,Quartiles 1 & 2,Quartile 1,Quartile 3,"Quartiles 1, 2, & 3",Quartile 2,Quartile 3,9475.194577,7312.73616,55776.7052,Quartile 2,8.4872
79379,Yavapai Accommodation School District,Yavapai,1447691,1411507,1309811,1309811,137880,101696,1365530,1365530,82161,45977,0,93,0,0,0.351648352,0.648351648,0.23655914,0,NA,0.351648352,Quartiles 1 & 2,Quartile 1,NA,"Quartiles 1, 2, & 3",Quartile 2,Quartile 4,15177.49462,14683.11828,0,Quartile 1,0
79381,Coconino Association for Vocation Industry and Technology,Coconino,2733455,2731179,2065159,2065159,668296,666020,2096276,2096276,637179,634903,1488033969,0,NA,NA,NA,NA,NA,NA,NA,NA,NA,NA,NA,NA,NA,NA,NA,NA,NA,NA,0.05
79385,Central Arizona Valley Institute of Technology,Pinal,6411237,6359986,3406476,3406476,3004761,2953510,3626079,3626079,2785158,2733907,1481338672,31,0,0,1,0,NA,0,NA,1,Quartiles 1 & 2,Quartile 4,NA,"Quartiles 1, 2, & 3",Quartile 4,NA,205160.8387,116970.2903,47785118.45,Quartile 4,0.05
79387,Gila Institute for Technology,Graham,2609845,2587127,1927517,1927517,682328,659610,2002373,2002373,607472,584754,611832827,0,NA,NA,NA,NA,NA,NA,NA,NA,NA,NA,NA,NA,NA,NA,NA,NA,NA,NA,0.05
79391,Cobre Valley Institute of Technology District,Pinal,1676335,1670546,1389257,1389257,287078,281289,1451177,1451177,225158,219369,203887574,0,NA,NA,NA,NA,NA,NA,NA,NA,NA,NA,NA,NA,NA,NA,NA,NA,NA,NA,0.05
79397,Valley Academy for Career and Technology Education,Yavapai,1751912,1728075,1417111,1417111,334801,310964,1453805,1453805,298107,274270,923338408,22,0,0,0,1,NA,0,NA,0,Quartiles 1 & 2,Quartile 1,NA,"Quartiles 1, 2, & 3",Quartile 1,NA,78548.86364,66082.04545,41969927.64,Quartile 4,0.05
79403,Cochise Technology District,Cochise,4874069,4639442,4030085,4030085,843984,609357,4064363,4064363,809706,575079,794069821,0,NA,NA,NA,NA,NA,NA,NA,NA,NA,NA,NA,NA,NA,NA,NA,NA,NA,NA,0.05
79598,Kingman Unified School District,Mohave,71566378.02,63734311.78,48570994,48570994,22995384.02,15163317.78,53236420,53236420,18329958.02,10497891.78,465952428,7053,0.010491989,0.008648802,0.226286687,0.674181199,0.161633348,0.018857224,0.253546099,0.325818801,Quartiles 1 & 2,Quartile 1,Quartile 3,"Quartiles 1, 2, & 3",Quartile 2,Quartile 3,9036.4826,7548.053311,66064.43046,Quartile 2,5.8608
80923,West-MEC - Western Maricopa Education Center,Maricopa,58525535,58445966,27863558,27863558,30661977,30582408,28437307,28437307,30088228,30008659,14803114355,240,0,0,0.348214286,0.602678571,NA,0,NA,0.397321429,Quartiles 1 & 2,Quartile 2,NA,"Quartiles 1, 2, & 3",Quartile 2,NA,243524.8583,118488.7792,61679643.15,Quartile 4,0.1994
81114,Northeast Arizona Technological Institute of Vocational Education,Navajo,2725325,2641002,2068751,2068751,656574,572251,2083795,2083795,641530,557207,81981648,29,0,0,0,0,NA,0,NA,1,Quartiles 1 & 2,Quartile 4,NA,"Quartiles 1, 2, & 3",Quartile 1,NA,91069.03448,71855,2826953.379,Quartile 4,0.05
87600,Gila County Regional School District,Gila,259685,41625,31548,31548,228137,10077,40421,40421,219264,1204,0,11,0,0,0,0,0,0,NA,1,Quartiles 1 & 2,Quartile 4,NA,"Quartiles 1, 2, & 3",Quartile 1,Quartile 1,3784.090909,3674.636364,0,Quartile 1,0
89380,Pima County JTED,Pima,25395509.03,24999247.28,24141320,24141320,1254189.03,857927.28,24527360,24527360,868149.03,471887.28,8070649834,137,0,0,0.444444444,0.555555556,NA,0,NA,0.444444444,Quartiles 1 & 2,Quartile 2,NA,"Quartiles 1, 2, & 3",Quartile 3,NA,182476.2575,179031.8248,58909852.8,Quartile 4,0.05
90090,Mountain Institute JTED,Yavapai,3052728,2947921,2662444,2662444,390284,285477,2799693,2799693,253035,148228,1678246788,39,0,0,0.282051282,0.717948718,NA,0,NA,0.282051282,Quartiles 1 & 2,Quartile 1,NA,"Quartiles 1, 2, & 3",Quartile 2,NA,75587.71795,71787,43031968.92,Quartile 4,0.05
90123,NA,Mohave,3294685,3270472,2415986,2415986,878699,854486,2456981,2456981,837704,813491,1796729191,NA,NA,NA,NA,NA,NA,NA,NA,NA,NA,NA,NA,NA,NA,NA,NA,NA,NA,NA,0.5
92705,Southwest Technical Education District of Yuma (STEDY),Yuma,7333271,7307356,3415668,3415668,3917603,3891688,3443807,3443807,3889464,3863549,1183062653,0,NA,NA,NA,NA,NA,NA,NA,NA,NA,NA,NA,NA,NA,NA,NA,NA,NA,NA,0.05
